id_transaccion,etiqueta,I1,I2,I3,I4,I5,J1,J2,J3,J4,J5
TXN_L_0507,legitima,0,1,0,0,0.0,1,1.0,1.0,0.6667,0.0
TXN_L_0520,legitima,1,1,0,0,0.0233,0,0.6667,1.0,0.6667,0.0
TXN_L_0224,legitima,0,1,0,0,0.0556,1,1.0,1.0,0.6667,0.0
TXN_P_0014,cnp,0,1,0,0,0.0,1,1.0,1.0,0.3333,0.5
TXN_L_0067,legitima,0,1,0,0,0.0556,1,1.0,1.0,0.6667,0.0
TXN_L_0353,legitima,1,1,0,0,0.1429,0,1.0,1.0,0.3333,0.0
TXN_L_0517,legitima,1,1,0,0,0.0,0,1.0,1.0,0.3333,0.0
TXN_L_0659,legitima,0,1,0,0,0.0,1,0.3333,1.0,0.3333,0.0
TXN_L_0235,legitima,0,1,0,0,0.0,1,1.0,1.0,0.6667,0.0
TXN_L_0268,legitima,1,1,0,0,0.025,0,0.3333,1.0,0.3333,0.15
TXN_L_0585,legitima,0,1,0,0,0.0435,1,1.0,1.0,0.3333,0.0
TXN_L_0531,legitima,0,1,0,0,0.0278,1,0.6667,1.0,0.6667,0.0
TXN_L_0607,legitima,0,1,0,0,0.087,1,0.3333,1.0,0.3333,0.0
TXN_L_0064,legitima,1,1,0,0,0.1364,0,0.3333,1.0,0.3333,0.0
TXN_L_0668,legitima,0,1,0,0,0.0,1,0.6667,1.0,0.6667,0.0
TXN_L_0278,legitima,0,1,0,0,0.0,1,1.0,1.0,0.3333,0.0
TXN_C_0028,clonacion,1,1,0,0,0.0233,0,0.3333,1.0,0.3333,0.0
TXN_L_0809,legitima,1,1,0,0,0.1176,0,0.6667,1.0,0.3333,0.0
TXN_L_0599,legitima,0,1,0,0,0.0,1,1.0,1.0,0.6667,0.3214
TXN_L_0441,legitima,1,1,0,0,0.1,0,0.6667,1.0,0.6667,0.0
TXN_L_0862,legitima,1,1,0,0,0.0,0,1.0,1.0,0.6667,0.3333
TXN_L_0645,legitima,1,1,0,0,0.0,0,0.6667,1.0,0.6667,0.0
TXN_L_0775,legitima,1,1,0,0,0.0556,0,0.3333,1.0,0.3333,0.0
TXN_L_0657,legitima,0,1,0,0,0.0,1,0.6667,1.0,0.6667,0.0
TXN_L_0770,legitima,1,1,0,0,0.0435,0,1.0,1.0,0.3333,0.0
TXN_L_0008,legitima,0,1,0,0,0.1176,1,0.6667,1.0,0.6667,0.0
TXN_L_0582,legitima,0,1,0,0,0.0444,1,0.6667,1.0,0.6667,0.087
TXN_L_0369,legitima,1,1,0,0,0.0,0,0.6667,1.0,0.6667,0.0
TXN_L_0381,legitima,1,0,0,1,0.0556,0,1.0,1.0,0.6667,0.0
TXN_P_0017,cnp,0,1,0,0,0.0,1,1.0,1.0,0.3333,0.4706
TXN_L_0564,legitima,0,1,0,0,0.0526,1,0.6667,1.0,0.3333,0.0
TXN_L_0385,legitima,0,1,0,0,0.08,1,0.6667,1.0,0.3333,0.0
TXN_L_0858,legitima,1,1,0,0,0.0,0,0.6667,1.0,0.6667,0.0
TXN_L_0147,legitima,0,1,0,0,0.0,1,1.0,1.0,0.6667,0.0
TXN_L_0867,legitima,0,1,0,0,0.0625,1,0.3333,1.0,0.6667,0.0
TXN_L_0887,legitima,1,1,0,0,0.0435,0,0.6667,1.0,0.6667,0.0
TXN_L_0458,legitima,0,1,0,0,0.087,1,0.6667,1.0,0.6667,0.0
TXN_L_0301,legitima,0,1,0,0,0.0435,1,0.3333,1.0,0.3333,0.0
TXN_L_0391,legitima,0,1,0,0,0.0,1,1.0,1.0,0.6667,0.0
TXN_L_0855,legitima,0,1,0,0,0.0385,1,0.3333,1.0,0.3333,0.0
TXN_L_0576,legitima,0,1,0,0,0.025,1,0.6667,1.0,0.6667,0.15
TXN_L_0294,legitima,0,1,0,1,0.0385,1,0.6667,1.0,0.6667,0.0
TXN_L_0076,legitima,1,1,0,0,0.0476,0,1.0,1.0,0.3333,0.2059
TXN_L_0700,legitima,1,1,0,0,0.0,0,0.6667,1.0,0.6667,0.0
TXN_C_0037,clonacion,1,1,0,0,0.0556,0,0.3333,1.0,0.6667,0.0
TXN_L_0890,legitima,1,1,0,0,0.0,0,1.0,1.0,0.3333,0.0
TXN_L_0873,legitima,1,1,0,0,0.0,0,0.3333,1.0,0.3333,0.0
TXN_L_0694,legitima,0,1,0,0,0.0,1,0.3333,1.0,0.3333,0.0
TXN_P_0016,cnp,0,1,0,0,0.0,1,1.0,1.0,0.3333,0.5517
TXN_L_0586,legitima,1,1,0,0,0.0,0,0.6667,1.0,0.3333,0.0
TXN_L_0583,legitima,1,1,0,1,0.0,0,0.3333,1.0,0.3333,0.2903
TXN_L_0449,legitima,1,1,0,0,0.0556,0,0.6667,1.0,0.6667,0.0
TXN_L_0696,legitima,1,1,0,0,0.0,0,0.3333,1.0,0.3333,0.0
TXN_L_0651,legitima,0,1,0,0,0.0278,1,1.0,1.0,0.6667,0.0
TXN_L_0490,legitima,0,1,0,0,0.025,1,1.0,1.0,0.6667,0.1333
TXN_L_0250,legitima,1,1,0,0,0.0556,0,0.6667,1.0,0.6667,0.0
TXN_L_0670,legitima,1,1,0,0,0.0233,0,0.3333,1.0,0.3333,0.0
TXN_L_0689,legitima,1,1,0,0,0.0,0,0.6667,1.0,0.6667,0.375
TXN_L_0869,legitima,0,1,0,1,0.0385,1,0.3333,1.0,0.3333,0.0
TXN_L_0313,legitima,1,1,0,0,0.0,0,0.6667,1.0,0.6667,0.0
TXN_L_0811,legitima,0,1,0,0,0.0444,1,0.3333,1.0,0.3333,0.0889
TXN_L_0829,legitima,1,1,0,0,0.0,0,0.6667,1.0,0.6667,0.0
TXN_P_0030,cnp,0,1,0,0,0.0294,1,1.0,1.0,0.3333,0.4211
TXN_L_0876,legitima,1,1,0,0,0.08,0,1.0,1.0,0.6667,0.0
TXN_L_0727,legitima,0,1,0,0,0.025,1,1.0,1.0,0.3333,0.1395
TXN_L_0189,legitima,1,1,0,0,0.0294,0,0.6667,1.0,0.6667,0.3333
TXN_L_0333,legitima,0,1,0,0,0.025,1,0.3333,1.0,0.3333,0.15
TXN_P_0020,cnp,0,1,0,0,0.0294,1,1.0,1.0,0.3333,0.4318
TXN_L_0166,legitima,0,1,0,0,0.0233,1,1.0,1.0,0.6667,0.0
TXN_L_0503,legitima,0,1,0,0,0.0,1,0.6667,1.0,0.3333,0.0
TXN_L_0475,legitima,1,1,0,0,0.0476,0,0.6667,1.0,0.3333,0.0
TXN_L_0753,legitima,0,1,0,0,0.0,1,1.0,1.0,0.3333,0.0
TXN_L_0094,legitima,0,1,0,0,0.0278,1,1.0,1.0,0.6667,0.0
TXN_L_0305,legitima,1,1,0,0,0.0,0,0.3333,1.0,0.3333,0.0
TXN_L_0569,legitima,0,1,0,0,0.0,1,0.6667,1.0,0.3333,0.0
TXN_L_0888,legitima,0,1,0,0,0.1,1,0.6667,1.0,0.3333,0.0
TXN_L_0004,legitima,0,1,0,0,0.0,1,0.6667,1.0,0.6667,0.0
TXN_L_0658,legitima,0,0,0,0,0.0233,1,0.6667,1.0,0.6667,0.0
TXN_L_0695,legitima,0,1,0,0,0.0444,1,0.3333,1.0,0.3333,0.087
TXN_L_0866,legitima,1,1,0,0,0.1,0,0.3333,1.0,0.3333,0.0
TXN_L_0745,legitima,1,1,0,0,0.0,0,0.3333,1.0,0.3333,0.0
TXN_L_0193,legitima,0,1,0,0,0.087,1,1.0,1.0,0.3333,0.0
TXN_L_0318,legitima,1,1,0,0,0.0,0,0.3333,1.0,0.3333,0.0
TXN_C_0004,clonacion,1,1,0,0,0.1176,0,0.6667,1.0,0.6667,0.0
TXN_L_0863,legitima,0,1,0,0,0.0,1,0.3333,1.0,0.3333,0.4091
TXN_L_0874,legitima,0,1,0,0,0.0,1,0.3333,1.0,0.3333,0.0
TXN_L_0574,legitima,1,1,0,0,0.0,0,1.0,1.0,0.3333,0.0
TXN_L_0142,legitima,0,0,0,1,0.1429,1,1.0,1.0,0.3333,0.0
TXN_L_0211,legitima,1,1,0,0,0.3636,0,0.3333,1.0,0.3333,0.0
TXN_L_0797,legitima,0,1,0,1,0.0,1,1.0,1.0,0.6667,0.3214
TXN_L_0577,legitima,0,1,0,1,0.1176,1,0.6667,1.0,0.6667,0.0
TXN_L_0348,legitima,1,1,0,0,0.0,0,1.0,1.0,0.6667,0.0
TXN_L_0675,legitima,0,1,0,0,0.1429,1,0.3333,1.0,0.6667,0.0
TXN_L_0299,legitima,0,1,0,1,0.0233,1,0.6667,1.0,0.6667,0.0
TXN_L_0692,legitima,0,1,0,0,0.0952,1,0.6667,1.0,0.6667,0.0
TXN_L_0629,legitima,0,0,0,0,0.0,1,1.0,1.0,0.6667,0.0
TXN_L_0205,legitima,0,1,0,0,0.0,1,0.3333,1.0,0.3333,0.3103
TXN_L_0509,legitima,1,1,0,0,0.0,0,0.3333,1.0,0.3333,0.0
TXN_L_0220,legitima,1,1,0,0,0.0476,0,0.6667,1.0,0.6667,0.0
TXN_P_0027,cnp,0,1,0,1,0.025,1,1.0,1.0,0.3333,0.25
TXN_L_0744,legitima,1,1,0,1,0.0278,0,0.3333,1.0,0.3333,0.0
TXN_L_0074,legitima,1,1,0,0,0.0435,0,1.0,1.0,0.6667,0.0
TXN_L_0641,legitima,0,1,0,0,0.0435,1,0.6667,1.0,0.3333,0.0
TXN_L_0853,legitima,0,1,0,0,0.0444,1,1.0,1.0,0.6667,0.0833
TXN_L_0611,legitima,0,1,0,0,0.0,1,0.6667,1.0,0.6667,0.0
TXN_L_0638,legitima,0,0,0,1,0.0385,1,0.3333,1.0,0.6667,0.0
TXN_L_0389,legitima,0,1,0,0,0.1176,1,0.3333,1.0,0.6667,0.0
TXN_L_0484,legitima,1,1,0,1,0.0625,0,1.0,1.0,0.6667,0.0
TXN_L_0138,legitima,0,1,0,0,0.08,1,0.3333,1.0,0.3333,0.0
TXN_L_0370,legitima,0,1,0,0,0.0,1,1.0,1.0,0.6667,0.0
TXN_L_0114,legitima,1,0,0,0,0.0,0,1.0,1.0,0.6667,0.0
TXN_L_0779,legitima,1,1,0,0,0.0625,0,0.6667,1.0,0.3333,0.0
TXN_L_0293,legitima,0,1,0,0,0.0625,1,1.0,1.0,0.6667,0.0
TXN_L_0766,legitima,1,1,0,0,0.0294,0,0.6667,1.0,0.3333,0.3429
TXN_L_0315,legitima,0,1,0,0,0.0,1,0.6667,1.0,0.6667,0.0
TXN_L_0674,legitima,0,1,0,0,0.0,1,0.3333,1.0,0.6667,0.0
TXN_L_0856,legitima,0,1,0,0,0.0,1,0.3333,1.0,0.6667,0.0
TXN_L_0231,legitima,0,0,0,1,0.0,1,1.0,1.0,0.6667,0.0
TXN_L_0827,legitima,1,1,0,0,0.1176,0,1.0,1.0,0.6667,0.0
TXN_L_0155,legitima,0,1,0,0,0.0,1,0.6667,1.0,0.3333,0.0
TXN_L_0678,legitima,1,1,0,1,0.0952,0,0.3333,1.0,0.3333,0.0
TXN_L_0813,legitima,0,1,0,0,0.0,1,0.3333,1.0,0.6667,0.0
TXN_L_0730,legitima,0,1,0,1,0.087,1,1.0,1.0,0.3333,0.0
TXN_L_0720,legitima,1,0,0,0,0.0,0,0.6667,1.0,0.6667,0.0
TXN_L_0878,legitima,1,1,0,0,0.0444,0,0.3333,1.0,0.3333,0.0889
TXN_L_0752,legitima,0,0,0,1,0.0,1,0.6667,1.0,0.6667,0.0
TXN_L_0248,legitima,0,1,0,1,0.0294,1,1.0,1.0,0.3333,0.2927
TXN_L_0071,legitima,0,1,0,0,0.0,1,1.0,1.0,0.6667,0.0
TXN_L_0433,legitima,1,0,0,0,0.0,0,0.3333,1.0,0.3333,0.0
TXN_L_0781,legitima,1,1,0,0,0.0,0,0.3333,1.0,0.3333,0.0
TXN_L_0726,legitima,1,1,0,0,0.1,0,0.6667,1.0,0.3333,0.0
TXN_L_0312,legitima,0,0,0,1,0.0278,1,0.3333,1.0,0.3333,0.0
TXN_C_0038,clonacion,1,1,0,0,0.0526,0,0.3333,1.0,0.6667,0.0
TXN_L_0489,legitima,1,0,0,1,0.0,0,0.3333,1.0,0.3333,0.0
TXN_L_0870,legitima,0,0,0,0,0.0556,1,1.0,1.0,0.6667,0.0
TXN_L_0810,legitima,1,1,0,1,0.1364,0,1.0,1.0,0.6667,0.2121
TXN_L_0357,legitima,1,1,0,0,0.0952,0,0.3333,1.0,0.3333,0.0
TXN_L_0802,legitima,0,0,0,0,0.0952,1,0.6667,1.0,0.6667,0.0
TXN_L_0160,legitima,1,0,0,1,0.1,0,0.6667,1.0,0.6667,0.0
TXN_L_0481,legitima,1,1,0,0,0.0,0,0.6667,1.0,0.3333,0.0
TXN_L_0746,legitima,0,0,0,1,0.0556,1,0.3333,1.0,0.3333,0.0
TXN_L_0650,legitima,1,1,0,0,0.0278,0,0.3333,1.0,0.3333,0.0
TXN_L_0732,legitima,1,1,0,0,0.0,0,0.6667,1.0,0.6667,0.0
TXN_L_0366,legitima,1,1,0,0,0.0526,0,0.3333,1.0,0.6667,0.0
TXN_C_0002,clonacion,1,1,0,0,0.1364,0,0.3333,1.0,0.6667,0.0
TXN_L_0861,legitima,1,0,0,1,0.087,0,1.0,1.0,0.3333,0.0
TXN_C_0003,clonacion,1,1,0,0,0.3636,0,0.6667,1.0,0.6667,0.0
TXN_L_0649,legitima,1,0,0,0,0.0625,0,0.6667,1.0,0.3333,0.0
TXN_C_0023,clonacion,1,1,0,1,0.2,0,0.3333,1.0,0.3333,0.0
TXN_L_0487,legitima,1,1,0,0,0.0,0,0.6667,1.0,0.3333,0.0
TXN_L_0852,legitima,0,1,0,0,0.1,1,0.3333,1.0,0.3333,0.0
TXN_L_0429,legitima,1,1,0,0,0.0,0,0.6667,1.0,0.6667,0.0
TXN_L_0710,legitima,1,1,0,1,0.0,0,0.3333,1.0,0.3333,0.0
TXN_L_0191,legitima,1,1,0,0,0.0,0,0.3333,1.0,0.6667,0.0
TXN_L_0653,legitima,1,1,0,0,0.0,0,0.6667,1.0,0.6667,0.0
TXN_L_0592,legitima,1,0,0,0,0.0,0,0.6667,1.0,0.6667,0.0
TXN_L_0148,legitima,0,1,0,0,0.0444,1,1.0,1.0,0.6667,0.0755
TXN_L_0269,legitima,0,1,0,1,0.0,1,0.6667,1.0,0.3333,0.0
TXN_L_0835,legitima,1,1,0,1,0.0,0,0.6667,1.0,0.3333,0.0
TXN_L_0865,legitima,1,0,0,0,0.0278,0,0.3333,1.0,0.3333,0.0
TXN_L_0052,legitima,0,0,0,1,0.0,1,0.3333,1.0,0.3333,0.0
TXN_L_0377,legitima,1,0,0,1,0.0,0,1.0,1.0,0.3333,0.3333
TXN_L_0632,legitima,1,0,0,0,0.1364,0,1.0,1.0,0.3333,0.0
TXN_L_0227,legitima,1,1,0,0,0.0,0,0.3333,1.0,0.3333,0.3214
TXN_L_0706,legitima,1,1,0,0,0.1364,0,0.6667,1.0,0.3333,0.0
TXN_L_0642,legitima,1,1,0,0,0.1176,0,0.6667,1.0,0.6667,0.0
TXN_L_0446,legitima,1,1,0,0,0.0294,0,0.6667,1.0,0.6667,0.3429
TXN_L_0493,legitima,1,1,0,0,0.025,0,0.6667,1.0,0.3333,0.1429
TXN_L_0240,legitima,1,1,0,0,0.0278,0,1.0,1.0,0.6667,0.0
TXN_L_0336,legitima,1,1,0,0,0.0952,0,1.0,1.0,0.6667,0.0
TXN_L_0759,legitima,0,0,0,1,0.3636,1,0.3333,1.0,0.3333,0.0
TXN_L_0591,legitima,1,1,0,0,0.0952,0,0.3333,1.0,0.3333,0.0
TXN_L_0156,legitima,0,0,0,1,0.0,1,0.3333,1.0,0.3333,0.3214
TXN_L_0743,legitima,0,1,0,1,0.0233,1,1.0,1.0,0.6667,0.0
TXN_P_0002,cnp,0,1,0,0,0.025,1,1.0,1.0,0.3333,0.2553
TXN_L_0635,legitima,0,0,0,0,0.1,1,0.6667,1.0,0.3333,0.0
TXN_L_0382,legitima,0,1,0,0,0.0,1,1.0,1.0,0.6667,0.0
TXN_L_0842,legitima,0,1,0,0,0.0,1,1.0,1.0,0.3333,0.0
TXN_L_0562,legitima,0,1,0,0,0.1429,1,0.6667,1.0,0.6667,0.0
TXN_L_0681,legitima,0,0,0,1,0.0233,1,0.6667,1.0,0.6667,0.0
TXN_L_0128,legitima,0,1,0,0,0.0,1,1.0,1.0,0.6667,0.0
TXN_L_0417,legitima,1,1,0,0,0.1364,0,0.3333,1.0,0.3333,0.0
TXN_L_0162,legitima,1,0,0,1,0.0556,0,0.3333,1.0,0.3333,0.0
TXN_L_0894,legitima,0,1,0,0,0.0,1,1.0,1.0,0.6667,0.0
TXN_L_0083,legitima,1,1,0,0,0.0,0,0.6667,1.0,0.6667,0.0
TXN_L_0228,legitima,0,1,0,0,0.0952,1,0.3333,1.0,0.3333,0.0
TXN_L_0808,legitima,1,1,0,0,0.0667,0,0.6667,1.0,0.3333,0.0
TXN_L_0788,legitima,1,1,0,0,0.0233,0,0.6667,1.0,0.6667,0.0
TXN_L_0307,legitima,1,1,0,1,0.0667,0,1.0,1.0,0.3333,0.0
TXN_L_0624,legitima,1,1,0,0,0.1176,0,0.6667,1.0,0.6667,0.0
TXN_L_0087,legitima,1,0,0,0,0.3636,0,0.3333,1.0,0.3333,0.0
TXN_L_0199,legitima,0,1,0,0,0.0526,1,1.0,1.0,0.3333,0.0
TXN_L_0103,legitima,0,1,0,1,0.025,1,0.6667,1.0,0.6667,0.15
TXN_L_0845,legitima,0,1,0,0,0.1,1,0.3333,1.0,0.3333,0.0
TXN_L_0794,legitima,1,1,0,0,0.0435,0,1.0,1.0,0.3333,0.0
TXN_L_0365,legitima,0,1,0,1,0.0,1,0.3333,1.0,0.3333,0.0
TXN_L_0785,legitima,0,1,0,1,0.0444,1,1.0,1.0,0.6667,0.087
TXN_L_0005,legitima,1,1,0,1,0.0385,0,0.6667,1.0,0.3333,0.0
TXN_L_0588,legitima,0,1,0,0,0.0625,1,1.0,1.0,0.6667,0.0
TXN_L_0542,legitima,0,0,0,1,0.0,1,0.3333,1.0,0.3333,0.0
TXN_C_0019,clonacion,1,1,0,0,0.1176,0,0.3333,1.0,0.3333,0.0
TXN_L_0764,legitima,0,1,0,0,0.0,1,0.3333,1.0,0.3333,0.0
TXN_L_0007,legitima,1,1,0,0,0.1,0,0.3333,1.0,0.3333,0.0
TXN_L_0717,legitima,0,1,0,0,0.0476,1,0.6667,1.0,0.3333,0.0
TXN_L_0292,legitima,0,1,0,0,0.0476,1,1.0,1.0,0.6667,0.0
TXN_L_0376,legitima,1,1,0,0,0.0,0,0.6667,1.0,0.3333,0.0
TXN_L_0309,legitima,1,1,0,1,0.0,0,1.0,1.0,0.6667,0.0
TXN_L_0553,legitima,0,1,0,0,0.0667,1,1.0,1.0,0.6667,0.0
TXN_L_0372,legitima,0,0,0,1,0.0435,1,1.0,1.0,0.3333,0.0
TXN_L_0341,legitima,0,0,0,0,0.087,1,0.3333,1.0,0.3333,0.0
TXN_L_0130,legitima,0,0,0,1,0.0,1,0.6667,1.0,0.3333,0.3214
TXN_L_0134,legitima,0,1,0,0,0.0,1,0.6667,1.0,0.6667,0.0
TXN_L_0690,legitima,0,1,0,0,0.0435,1,0.6667,1.0,0.6667,0.0
TXN_L_0816,legitima,0,1,0,1,0.0556,1,0.6667,1.0,0.3333,0.0
TXN_L_0859,legitima,0,1,0,0,0.0444,1,0.6667,1.0,0.3333,0.0816
TXN_L_0613,legitima,0,1,0,1,0.087,1,0.3333,1.0,0.3333,0.0
TXN_L_0354,legitima,0,0,0,0,0.1,1,0.3333,1.0,0.3333,0.0
TXN_L_0099,legitima,1,0,0,1,0.1,0,0.3333,1.0,0.3333,0.0
TXN_L_0003,legitima,0,1,0,1,0.0,1,1.0,1.0,0.6667,0.3333
TXN_L_0432,legitima,1,1,0,0,0.0,0,0.6667,1.0,0.6667,0.0
TXN_L_0194,legitima,1,0,0,1,0.0667,0,1.0,1.0,0.6667,0.0
TXN_L_0826,legitima,0,1,0,0,0.0,1,0.3333,1.0,0.3333,0.0
TXN_P_0013,cnp,0,1,0,0,0.0294,1,1.0,1.0,0.3333,0.383
TXN_L_0595,legitima,1,0,0,0,0.1176,0,0.6667,1.0,0.6667,0.0
TXN_L_0776,legitima,0,1,0,0,0.0,1,0.6667,1.0,0.6667,0.0
TXN_L_0237,legitima,0,1,0,0,0.0233,1,0.6667,1.0,0.3333,0.0
TXN_L_0734,legitima,0,0,0,0,0.1,1,0.6667,1.0,0.3333,0.0
TXN_L_0136,legitima,1,1,0,0,0.0278,0,1.0,1.0,0.6667,0.0
TXN_L_0367,legitima,1,1,0,1,0.08,0,0.3333,1.0,0.3333,0.0
TXN_L_0793,legitima,0,1,0,0,0.0,1,0.6667,1.0,0.6667,0.0
TXN_L_0202,legitima,0,1,0,0,0.0,1,0.3333,1.0,0.3333,0.0
TXN_L_0161,legitima,0,1,0,0,0.0,1,0.6667,1.0,0.6667,0.0
TXN_L_0751,legitima,1,1,0,1,0.0,0,0.6667,1.0,0.6667,0.0
TXN_L_0020,legitima,0,1,0,0,0.0,1,1.0,1.0,0.3333,0.2903
TXN_L_0247,legitima,0,1,0,0,0.0,1,1.0,1.0,0.6667,0.0
TXN_L_0383,legitima,1,1,0,0,0.0625,0,0.6667,1.0,0.6667,0.0
TXN_L_0502,legitima,0,1,0,0,0.3636,1,0.6667,1.0,0.6667,0.0
TXN_L_0815,legitima,0,1,0,1,0.0667,1,0.3333,1.0,0.3333,0.0
TXN_L_0880,legitima,1,0,0,0,0.0233,0,0.6667,1.0,0.6667,0.0
TXN_L_0565,legitima,1,0,0,0,0.0,0,0.3333,1.0,0.3333,0.0
TXN_L_0310,legitima,0,0,0,0,0.025,1,1.0,1.0,0.3333,0.1277
TXN_L_0824,legitima,0,1,0,0,0.1176,1,0.6667,1.0,0.6667,0.0
TXN_P_0035,cnp,0,0,0,0,0.0,1,1.0,1.0,0.3333,0.3421
TXN_L_0352,legitima,0,0,0,1,0.0,1,0.3333,1.0,0.3333,0.0
TXN_L_0058,legitima,0,1,0,0,0.2,1,0.6667,1.0,0.6667,0.0
TXN_L_0396,legitima,1,1,0,1,0.025,0,0.6667,1.0,0.3333,0.1333
TXN_L_0082,legitima,1,0,0,1,0.0526,0,1.0,1.0,0.3333,0.0
TXN_L_0767,legitima,0,1,0,0,0.1429,1,0.6667,1.0,0.6667,0.0
TXN_L_0805,legitima,1,1,0,0,0.0233,0,1.0,1.0,0.6667,0.0
TXN_L_0398,legitima,1,1,0,0,0.0,0,1.0,1.0,0.6667,0.0
TXN_L_0479,legitima,0,0,0,1,0.0,1,1.0,1.0,0.3333,0.0
TXN_L_0485,legitima,1,1,0,0,0.0233,0,0.3333,1.0,0.3333,0.0
TXN_L_0895,legitima,1,1,0,0,0.0,0,1.0,1.0,0.3333,0.0
TXN_L_0053,legitima,1,1,0,1,0.0,0,0.6667,1.0,0.3333,0.0
TXN_L_0177,legitima,0,1,0,1,0.0,1,1.0,1.0,0.6667,0.0
TXN_P_0005,cnp,0,1,0,0,0.0444,1,1.0,1.0,0.3333,0.2075
TXN_L_0363,legitima,0,1,0,0,0.08,1,0.6667,1.0,0.3333,0.0
TXN_L_0326,legitima,0,1,0,0,0.0526,1,0.6667,1.0,0.6667,0.0
TXN_L_0550,legitima,1,0,0,0,0.0,0,0.3333,1.0,0.3333,0.0
TXN_L_0541,legitima,1,1,0,0,0.0,0,0.3333,1.0,0.3333,0.0
TXN_L_0321,legitima,1,1,0,1,0.0,0,0.6667,1.0,0.6667,0.0
TXN_L_0515,legitima,1,1,0,0,0.0,0,1.0,1.0,0.6667,0.2571
TXN_L_0687,legitima,0,1,0,0,0.0667,1,1.0,1.0,0.3333,0.0
TXN_L_0213,legitima,1,1,0,0,0.025,0,0.6667,1.0,0.6667,0.1395
TXN_L_0010,legitima,0,1,0,1,0.0,1,0.3333,1.0,0.3333,0.3913
TXN_L_0896,legitima,1,0,0,0,0.0,0,0.3333,1.0,0.3333,0.0
TXN_L_0857,legitima,1,1,0,1,0.0,0,1.0,1.0,0.6667,0.0
TXN_P_0031,cnp,0,1,0,0,0.0294,1,1.0,1.0,0.3333,0.4211
TXN_L_0676,legitima,0,1,0,0,0.0,1,1.0,1.0,0.3333,0.0
TXN_L_0685,legitima,1,1,0,0,0.0952,0,1.0,1.0,0.6667,0.0
TXN_L_0201,legitima,1,0,0,0,0.1,0,0.6667,1.0,0.3333,0.0
TXN_L_0871,legitima,0,1,0,1,0.0,1,0.6667,1.0,0.6667,0.375
TXN_L_0558,legitima,0,1,0,0,0.0233,1,1.0,1.0,0.6667,0.0
TXN_L_0516,legitima,0,1,0,0,0.0,1,0.3333,1.0,0.6667,0.3333
TXN_L_0482,legitima,0,1,0,0,0.087,1,0.6667,1.0,0.6667,0.0
TXN_L_0590,legitima,1,1,0,1,0.0526,0,0.3333,1.0,0.3333,0.0
TXN_L_0535,legitima,0,1,0,0,0.0,1,1.0,1.0,0.6667,0.0
TXN_L_0063,legitima,1,1,0,0,0.0476,0,1.0,1.0,0.6667,0.0
TXN_L_0225,legitima,0,1,0,1,0.1364,1,0.3333,1.0,0.3333,0.0
TXN_L_0046,legitima,0,1,0,1,0.0,1,0.3333,1.0,0.3333,0.0
TXN_L_0480,legitima,0,1,0,1,0.0,1,0.6667,1.0,0.6667,0.0
TXN_L_0898,legitima,0,0,0,0,0.1,1,0.6667,1.0,0.3333,0.0
TXN_L_0555,legitima,0,1,0,0,0.0,1,0.6667,1.0,0.3333,0.0
TXN_L_0587,legitima,0,1,0,0,0.0233,1,0.6667,1.0,0.3333,0.0
TXN_L_0011,legitima,0,1,0,0,0.0,1,1.0,1.0,0.3333,0.0
TXN_L_0448,legitima,0,1,0,0,0.0625,1,1.0,1.0,0.6667,0.0
TXN_L_0401,legitima,1,1,0,0,0.0294,0,1.0,1.0,0.6667,0.3158
TXN_L_0499,legitima,0,1,0,0,0.0,1,0.3333,1.0,0.3333,0.0
TXN_L_0124,legitima,0,1,0,0,0.0952,1,0.3333,1.0,0.3333,0.0
TXN_L_0139,legitima,0,1,0,1,0.0476,1,1.0,1.0,0.6667,0.0
TXN_L_0654,legitima,0,0,0,0,0.0233,1,0.6667,1.0,0.3333,0.0
TXN_L_0418,legitima,0,1,0,0,0.0,1,0.6667,1.0,0.6667,0.0
TXN_L_0111,legitima,0,0,0,1,0.0278,1,0.3333,1.0,0.3333,0.0
TXN_L_0387,legitima,0,0,0,0,0.0,1,1.0,1.0,0.3333,0.3333
TXN_L_0159,legitima,0,1,0,0,0.1176,1,0.3333,1.0,0.6667,0.0
TXN_C_0035,clonacion,1,1,0,0,0.1176,0,0.3333,1.0,0.6667,0.0
TXN_L_0610,legitima,1,1,0,1,0.0625,0,1.0,1.0,0.3333,0.0
TXN_L_0504,legitima,1,0,0,0,0.0,0,1.0,1.0,0.6667,0.0
TXN_L_0754,legitima,0,0,0,0,0.0,1,1.0,1.0,0.6667,0.0
TXN_L_0006,legitima,1,0,0,0,0.025,0,0.3333,1.0,0.3333,0.1395
TXN_L_0169,legitima,1,0,0,0,0.0444,0,1.0,1.0,0.6667,0.087
TXN_P_0004,cnp,0,1,0,0,0.0,1,1.0,1.0,0.3333,0.3421
TXN_L_0879,legitima,0,1,0,0,0.0,1,0.3333,1.0,0.6667,0.0
TXN_L_0688,legitima,0,0,0,0,0.1,1,0.6667,1.0,0.3333,0.0
TXN_L_0683,legitima,0,0,0,0,0.0,1,0.3333,1.0,0.6667,0.0
TXN_L_0735,legitima,0,0,0,0,0.0435,1,0.6667,1.0,0.3333,0.0
TXN_L_0778,legitima,1,1,0,1,0.0,0,1.0,1.0,0.3333,0.0
TXN_L_0109,legitima,0,1,0,0,0.0,1,0.6667,1.0,0.3333,0.0
TXN_L_0847,legitima,1,1,0,0,0.0444,0,0.3333,1.0,0.6667,0.087
TXN_P_0000,cnp,0,0,0,0,0.0,1,1.0,1.0,0.3333,0.4324
TXN_L_0154,legitima,1,1,0,1,0.0,0,1.0,1.0,0.3333,0.0
TXN_L_0151,legitima,0,0,0,0,0.0,1,0.6667,1.0,0.6667,0.0
TXN_L_0277,legitima,0,0,0,0,0.0,1,0.6667,1.0,0.6667,0.0
TXN_C_0009,clonacion,1,1,0,0,0.08,0,1.0,1.0,0.3333,0.0
TXN_L_0351,legitima,1,0,0,0,0.0233,0,0.6667,1.0,0.6667,0.0
TXN_L_0360,legitima,1,1,0,0,0.0,0,1.0,1.0,0.6667,0.3333
TXN_L_0740,legitima,1,1,0,1,0.0,0,1.0,1.0,0.3333,0.0
TXN_L_0217,legitima,0,1,0,1,0.0,1,1.0,1.0,0.6667,0.0
TXN_L_0812,legitima,1,1,0,0,0.0,0,0.3333,1.0,0.6667,0.0
TXN_C_0018,clonacion,1,1,0,0,0.0952,0,0.3333,1.0,0.3333,0.0
TXN_L_0329,legitima,1,1,0,0,0.0,0,0.3333,1.0,0.3333,0.0
TXN_L_0501,legitima,1,1,0,0,0.0,0,1.0,1.0,0.6667,0.0
TXN_L_0012,legitima,1,0,0,0,0.0,0,0.6667,1.0,0.3333,0.0
TXN_L_0442,legitima,0,0,0,1,0.0,1,0.6667,1.0,0.6667,0.0
TXN_L_0636,legitima,1,0,0,0,0.0,0,0.6667,1.0,0.6667,0.0
TXN_L_0263,legitima,0,0,0,0,0.0,1,0.6667,1.0,0.3333,0.0
TXN_L_0412,legitima,0,0,0,1,0.0444,1,0.3333,1.0,0.3333,0.0889
TXN_L_0455,legitima,1,1,0,0,0.025,0,1.0,1.0,0.3333,0.1364
TXN_L_0828,legitima,0,1,0,1,0.0385,1,0.3333,1.0,0.3333,0.0
TXN_L_0339,legitima,0,0,0,1,0.0278,1,0.3333,1.0,0.3333,0.0
TXN_L_0834,legitima,1,1,0,1,0.08,0,1.0,1.0,0.3333,0.0
TXN_L_0665,legitima,0,1,0,0,0.0294,1,0.6667,1.0,0.3333,0.2927
TXN_L_0500,legitima,0,0,0,0,0.0,1,0.3333,1.0,0.3333,0.0
TXN_L_0886,legitima,0,0,0,1,0.3636,1,0.3333,1.0,0.3333,0.0
TXN_L_0712,legitima,1,1,0,0,0.0625,0,0.3333,1.0,0.3333,0.0
TXN_L_0150,legitima,0,0,0,0,0.0,1,0.6667,1.0,0.3333,0.0
TXN_L_0223,legitima,1,1,0,0,0.087,0,1.0,1.0,0.6667,0.0
TXN_L_0350,legitima,0,0,0,1,0.0,1,0.6667,1.0,0.3333,0.0
TXN_L_0146,legitima,1,0,0,1,0.0556,0,0.3333,1.0,0.3333,0.0
TXN_P_0022,cnp,0,1,0,0,0.0,1,1.0,1.0,0.3333,0.4815
TXN_L_0392,legitima,0,0,0,1,0.0667,1,1.0,1.0,0.3333,0.0
TXN_L_0208,legitima,0,0,0,0,0.087,1,0.3333,1.0,0.3333,0.0
TXN_L_0545,legitima,1,0,0,1,0.08,0,0.6667,1.0,0.3333,0.0
TXN_L_0171,legitima,1,0,0,1,0.025,0,0.6667,1.0,0.6667,0.15
TXN_L_0172,legitima,1,1,0,0,0.08,0,0.6667,1.0,0.6667,0.0
TXN_C_0007,clonacion,1,1,0,0,0.0294,0,1.0,1.0,0.6667,0.2927
TXN_P_0006,cnp,0,1,0,0,0.0294,1,1.0,1.0,0.3333,0.4524
TXN_L_0347,legitima,0,1,0,1,0.08,1,1.0,1.0,0.3333,0.0
TXN_L_0893,legitima,1,1,0,0,0.0278,0,0.6667,1.0,0.6667,0.0
TXN_L_0261,legitima,1,1,0,0,0.0,0,1.0,1.0,0.3333,0.0
TXN_L_0783,legitima,1,0,0,1,0.0,0,0.6667,1.0,0.3333,0.0
TXN_L_0546,legitima,1,1,0,0,0.0,0,0.3333,1.0,0.3333,0.0
TXN_L_0374,legitima,0,1,0,1,0.0,1,0.3333,1.0,0.3333,0.0
TXN_L_0691,legitima,0,1,0,1,0.1364,1,0.6667,1.0,0.3333,0.0
TXN_L_0739,legitima,0,1,0,0,0.0526,1,0.3333,1.0,0.3333,0.0
TXN_L_0050,legitima,0,0,0,1,0.0556,1,0.6667,1.0,0.3333,0.0
TXN_L_0021,legitima,1,1,0,0,0.0,0,0.6667,1.0,0.3333,0.0
TXN_L_0246,legitima,1,1,0,1,0.0556,0,0.3333,1.0,0.3333,0.0
TXN_L_0457,legitima,1,0,0,1,0.0444,0,0.6667,1.0,0.6667,0.0851
TXN_L_0818,legitima,0,0,0,1,0.1364,1,1.0,1.0,0.6667,0.2121
TXN_L_0393,legitima,1,0,0,0,0.0556,0,0.3333,1.0,0.3333,0.0
TXN_L_0466,legitima,1,0,0,0,0.0,0,1.0,1.0,0.6667,0.0
TXN_L_0001,legitima,1,1,0,0,0.0,0,1.0,1.0,0.6667,0.0
TXN_L_0543,legitima,1,1,0,0,0.0,0,0.6667,1.0,0.6667,0.3462
TXN_L_0122,legitima,1,1,0,0,0.025,0,1.0,1.0,0.3333,0.1364
TXN_L_0244,legitima,1,1,0,0,0.0,0,1.0,1.0,0.3333,0.0
TXN_L_0450,legitima,0,0,0,1,0.0625,1,0.3333,1.0,0.3333,0.0
TXN_L_0051,legitima,0,1,0,0,0.0,1,0.3333,1.0,0.3333,0.0
TXN_L_0615,legitima,1,0,0,0,0.0625,0,1.0,1.0,0.6667,0.0
TXN_L_0337,legitima,0,1,0,0,0.0476,1,1.0,1.0,0.6667,0.0
TXN_L_0718,legitima,0,1,0,0,0.0667,1,0.3333,1.0,0.3333,0.0
TXN_L_0750,legitima,0,1,0,0,0.0476,1,0.3333,1.0,0.6667,0.0
TXN_L_0830,legitima,0,0,0,1,0.0,1,1.0,1.0,0.3333,0.0
TXN_L_0255,legitima,0,0,0,0,0.1,1,0.3333,1.0,0.3333,0.0
TXN_L_0287,legitima,1,1,0,0,0.0294,0,0.6667,1.0,0.3333,0.3333
TXN_L_0721,legitima,1,1,0,0,0.0952,0,1.0,1.0,0.6667,0.0
TXN_L_0275,legitima,0,1,0,0,0.0,1,1.0,1.0,0.6667,0.0
TXN_L_0804,legitima,0,1,0,0,0.1364,1,0.6667,1.0,0.6667,0.0
TXN_L_0757,legitima,0,1,0,1,0.2,1,0.6667,1.0,0.3333,0.0
TXN_L_0860,legitima,1,1,0,0,0.0625,0,1.0,1.0,0.6667,0.0
TXN_L_0085,legitima,0,0,0,1,0.0,1,1.0,1.0,0.3333,0.0
TXN_L_0716,legitima,0,1,0,0,0.0278,1,0.6667,1.0,0.6667,0.0
TXN_L_0849,legitima,0,1,0,1,0.0444,1,0.3333,1.0,0.3333,0.0889
TXN_L_0027,legitima,0,1,0,1,0.0,1,0.3333,1.0,0.3333,0.0
TXN_L_0182,legitima,1,1,0,0,0.0233,0,1.0,1.0,0.6667,0.0
TXN_L_0037,legitima,0,0,0,1,0.0444,1,1.0,1.0,0.6667,0.087
TXN_L_0618,legitima,0,0,0,1,0.0625,1,0.3333,1.0,0.3333,0.0
TXN_L_0133,legitima,1,1,0,0,0.0233,0,0.6667,1.0,0.6667,0.0
TXN_L_0728,legitima,0,1,0,1,0.0,1,0.3333,1.0,0.3333,0.0
TXN_L_0747,legitima,0,0,0,0,0.0,1,0.3333,1.0,0.6667,0.0
TXN_L_0185,legitima,1,1,0,0,0.0,0,0.3333,1.0,0.3333,0.0
TXN_L_0644,legitima,0,0,0,0,0.0952,1,0.3333,1.0,0.3333,0.0
TXN_L_0846,legitima,0,1,0,0,0.0556,1,1.0,1.0,0.6667,0.0
TXN_L_0620,legitima,1,1,0,1,0.0,0,0.6667,1.0,0.6667,0.0
TXN_L_0425,legitima,1,0,0,1,0.1176,0,0.3333,1.0,0.6667,0.0
TXN_C_0032,clonacion,1,1,0,0,0.3636,0,0.3333,1.0,0.6667,0.0
TXN_L_0762,legitima,0,0,0,0,0.0444,1,0.3333,1.0,0.3333,0.0889
TXN_L_0158,legitima,1,1,0,0,0.1,0,1.0,1.0,0.3333,0.0
TXN_L_0165,legitima,1,0,0,1,0.1176,0,0.3333,1.0,0.6667,0.0
TXN_L_0039,legitima,0,1,0,0,0.0,1,0.3333,1.0,0.3333,0.0
TXN_L_0612,legitima,0,1,0,0,0.0,1,0.3333,1.0,0.6667,0.0
TXN_L_0780,legitima,1,0,0,0,0.0,0,0.3333,1.0,0.3333,0.0
TXN_L_0097,legitima,0,1,0,0,0.0385,1,0.3333,1.0,0.3333,0.0
TXN_L_0600,legitima,0,1,0,0,0.0278,1,1.0,1.0,0.6667,0.1628
TXN_L_0589,legitima,0,0,0,0,0.0,1,1.0,1.0,0.6667,0.0
TXN_L_0722,legitima,0,0,0,1,0.0233,1,0.3333,1.0,0.3333,0.0
TXN_L_0025,legitima,1,1,0,1,0.0,0,0.3333,1.0,0.6667,0.0
TXN_L_0646,legitima,0,1,0,0,0.1176,1,0.6667,1.0,0.6667,0.0
TXN_L_0572,legitima,0,1,0,0,0.0385,1,0.3333,1.0,0.3333,0.0
TXN_L_0270,legitima,0,1,0,0,0.0667,1,0.6667,1.0,0.6667,0.0
TXN_P_0008,cnp,0,0,0,0,0.0,1,1.0,1.0,0.3333,0.4815
TXN_L_0514,legitima,1,0,0,0,0.0,0,0.6667,1.0,0.3333,0.0
TXN_L_0319,legitima,0,0,0,0,0.0,1,0.3333,1.0,0.6667,0.0
TXN_L_0015,legitima,0,1,0,0,0.0667,1,0.3333,1.0,0.3333,0.0
TXN_L_0291,legitima,0,0,0,0,0.0556,1,0.3333,1.0,0.3333,0.0
TXN_L_0300,legitima,1,0,0,1,0.1,0,0.6667,1.0,0.3333,0.0
TXN_L_0843,legitima,1,1,0,1,0.0278,0,0.6667,1.0,0.3333,0.0
TXN_L_0254,legitima,0,0,0,1,0.0,1,0.6667,1.0,0.6667,0.0
TXN_L_0219,legitima,0,0,0,0,0.0526,1,1.0,1.0,0.3333,0.0
TXN_L_0203,legitima,1,1,0,0,0.0,0,0.6667,1.0,0.3333,0.0
TXN_L_0437,legitima,1,1,0,1,0.0233,0,1.0,1.0,0.6667,0.0
TXN_L_0428,legitima,1,0,0,1,0.0,0,0.6667,1.0,0.3333,0.0
TXN_L_0000,legitima,1,1,0,0,0.0,0,0.6667,1.0,0.6667,0.0
TXN_L_0405,legitima,1,0,0,0,0.0,0,0.6667,1.0,0.6667,0.0
TXN_L_0349,legitima,0,1,0,0,0.0,1,1.0,1.0,0.6667,0.0
TXN_L_0598,legitima,1,0,0,0,0.0952,0,1.0,1.0,0.3333,0.0
TXN_L_0789,legitima,0,1,0,1,0.0526,1,1.0,1.0,0.6667,0.0
TXN_L_0282,legitima,0,1,0,0,0.0385,1,0.6667,1.0,0.6667,0.0
TXN_L_0257,legitima,0,0,0,1,0.1364,1,1.0,1.0,0.3333,0.0
TXN_L_0476,legitima,1,0,0,1,0.0,0,1.0,1.0,0.3333,0.0
TXN_L_0397,legitima,0,1,0,1,0.0,1,0.3333,1.0,0.3333,0.0
TXN_P_0001,cnp,0,1,0,0,0.025,1,1.0,1.0,0.3333,0.2115
TXN_L_0602,legitima,1,1,0,1,0.0294,0,0.6667,1.0,0.6667,0.3429
TXN_L_0647,legitima,0,1,0,0,0.0,1,0.3333,1.0,0.3333,0.0
TXN_L_0256,legitima,0,1,0,0,0.0,1,1.0,1.0,0.6667,0.0
TXN_L_0077,legitima,0,1,0,0,0.1,1,1.0,1.0,0.6667,0.0
TXN_L_0702,legitima,0,1,0,0,0.087,1,0.3333,1.0,0.6667,0.0
TXN_L_0400,legitima,0,0,0,1,0.0476,1,1.0,1.0,0.6667,0.0
TXN_L_0823,legitima,1,0,0,1,0.08,0,0.6667,1.0,0.3333,0.0
TXN_L_0271,legitima,1,1,0,0,0.0444,0,1.0,1.0,0.6667,0.1786
TXN_L_0338,legitima,0,0,0,0,0.0,1,1.0,1.0,0.6667,0.0
TXN_L_0322,legitima,1,0,0,0,0.0,0,0.3333,1.0,0.3333,0.0
TXN_L_0181,legitima,0,1,0,0,0.0,1,1.0,1.0,0.6667,0.0
TXN_L_0763,legitima,0,1,0,1,0.087,1,0.6667,1.0,0.3333,0.0
TXN_L_0041,legitima,1,1,0,0,0.0233,0,1.0,1.0,0.6667,0.0
TXN_L_0436,legitima,1,1,0,1,0.0,0,0.3333,1.0,0.3333,0.0
TXN_L_0424,legitima,1,0,0,1,0.0,0,0.6667,1.0,0.6667,0.0
TXN_L_0537,legitima,0,1,0,0,0.0,1,0.3333,1.0,0.3333,0.0
TXN_L_0032,legitima,0,1,0,1,0.1,1,0.3333,1.0,0.3333,0.0
TXN_L_0561,legitima,0,0,0,1,0.08,1,1.0,1.0,0.3333,0.0
TXN_L_0832,legitima,1,1,0,0,0.0444,0,0.3333,1.0,0.3333,0.087
TXN_L_0407,legitima,0,1,0,0,0.0,1,1.0,1.0,0.6667,0.3214
TXN_L_0883,legitima,1,1,0,0,0.0,0,0.3333,1.0,0.3333,0.0
TXN_L_0667,legitima,1,0,0,0,0.1,0,1.0,1.0,0.3333,0.0
TXN_L_0552,legitima,1,1,0,1,0.0385,0,0.6667,1.0,0.3333,0.0
TXN_L_0232,legitima,0,1,0,1,0.087,1,0.6667,1.0,0.6667,0.0
TXN_L_0584,legitima,0,1,0,0,0.025,1,1.0,1.0,0.6667,0.1224
TXN_L_0622,legitima,0,1,0,0,0.0,1,1.0,1.0,0.6667,0.0
TXN_C_0030,clonacion,1,1,0,1,0.0952,0,0.3333,1.0,0.3333,0.0
TXN_L_0384,legitima,0,0,0,1,0.0278,1,0.3333,1.0,0.3333,0.0
TXN_L_0831,legitima,1,1,0,0,0.0,0,0.3333,1.0,0.3333,0.0
TXN_L_0451,legitima,1,0,0,0,0.0233,0,1.0,1.0,0.6667,0.0
TXN_C_0016,clonacion,1,1,0,0,0.0556,0,0.6667,1.0,0.3333,0.0
TXN_L_0431,legitima,0,0,0,0,0.1364,1,0.6667,1.0,0.6667,0.0
TXN_L_0295,legitima,0,1,0,0,0.0,1,0.6667,1.0,0.6667,0.0
TXN_L_0774,legitima,1,0,0,0,0.0444,0,0.3333,1.0,0.6667,0.087
TXN_L_0697,legitima,0,0,0,1,0.0476,1,1.0,1.0,0.6667,0.0
TXN_L_0677,legitima,0,1,0,0,0.0,1,1.0,1.0,0.6667,0.0
TXN_C_0006,clonacion,1,1,0,0,0.1429,0,0.6667,1.0,0.6667,0.0
TXN_L_0664,legitima,1,0,0,0,0.0667,0,0.3333,1.0,0.3333,0.0
TXN_L_0117,legitima,1,1,0,1,0.0,0,0.3333,1.0,0.6667,0.0
TXN_P_0032,cnp,0,0,0,0,0.0294,1,1.0,1.0,0.3333,0.4211
TXN_L_0540,legitima,1,1,0,0,0.0,0,1.0,1.0,0.6667,0.0
TXN_L_0195,legitima,0,1,0,1,0.1,1,0.3333,1.0,0.3333,0.0
TXN_L_0342,legitima,1,0,0,1,0.1176,0,0.3333,1.0,0.6667,0.0
TXN_L_0580,legitima,1,0,0,0,0.0,0,1.0,1.0,0.6667,0.0
TXN_L_0474,legitima,0,1,0,0,0.0556,1,1.0,1.0,0.3333,0.0
TXN_L_0209,legitima,0,1,0,0,0.0444,1,0.3333,1.0,0.3333,0.08
TXN_L_0093,legitima,0,0,0,1,0.0,1,1.0,1.0,0.3333,0.0
TXN_L_0460,legitima,0,1,0,0,0.0385,1,0.6667,1.0,0.3333,0.0
TXN_L_0343,legitima,1,1,0,1,0.0444,0,1.0,1.0,0.6667,0.1786
TXN_L_0206,legitima,0,1,0,0,0.1176,1,1.0,1.0,0.6667,0.0
TXN_L_0197,legitima,0,1,0,0,0.0625,1,1.0,1.0,0.3333,0.0
TXN_L_0334,legitima,0,1,0,1,0.0385,1,0.6667,1.0,0.6667,0.0
TXN_L_0438,legitima,0,1,0,0,0.0,1,1.0,1.0,0.3333,0.0
TXN_L_0170,legitima,1,1,0,1,0.0,0,1.0,1.0,0.6667,0.0
TXN_L_0253,legitima,1,1,0,1,0.0476,0,0.6667,1.0,0.3333,0.0
TXN_L_0304,legitima,1,1,0,1,0.1176,0,0.6667,1.0,0.6667,0.0
TXN_L_0054,legitima,0,0,0,1,0.0278,1,0.6667,1.0,0.6667,0.0
TXN_L_0434,legitima,1,0,0,1,0.0,0,1.0,1.0,0.3333,0.0
TXN_L_0344,legitima,1,0,0,0,0.0,0,0.6667,1.0,0.6667,0.0
TXN_L_0047,legitima,1,0,0,1,0.0,0,0.6667,1.0,0.6667,0.0
TXN_L_0511,legitima,0,0,0,0,0.1429,1,0.6667,1.0,0.6667,0.0
TXN_L_0725,legitima,0,0,0,0,0.0,1,1.0,1.0,0.6667,0.0
TXN_L_0836,legitima,0,0,0,1,0.0,1,1.0,1.0,0.6667,0.0
TXN_L_0575,legitima,0,0,0,0,0.0385,1,0.6667,1.0,0.3333,0.0
TXN_L_0838,legitima,1,0,0,1,0.0,0,1.0,1.0,0.3333,0.0
TXN_L_0402,legitima,1,1,0,0,0.0,0,1.0,1.0,0.6667,0.0
TXN_L_0092,legitima,1,0,0,1,0.0435,0,0.3333,1.0,0.3333,0.0
TXN_L_0791,legitima,1,0,0,1,0.0444,0,0.3333,1.0,0.3333,0.08
TXN_L_0373,legitima,1,1,0,1,0.0,0,1.0,1.0,0.6667,0.0
TXN_P_0026,cnp,0,1,0,0,0.0,1,1.0,1.0,0.3333,0.4118
TXN_L_0538,legitima,1,0,0,1,0.0435,0,0.6667,1.0,0.3333,0.0
TXN_L_0534,legitima,0,1,0,1,0.08,1,0.3333,1.0,0.3333,0.0
TXN_L_0729,legitima,1,1,0,0,0.0,0,1.0,1.0,0.6667,0.0
TXN_L_0230,legitima,1,1,0,1,0.0,0,0.3333,1.0,0.6667,0.0
TXN_P_0007,cnp,0,1,0,1,0.0294,1,1.0,1.0,0.3333,0.4
TXN_L_0557,legitima,0,1,0,1,0.1364,1,0.6667,1.0,0.6667,0.0
TXN_L_0019,legitima,0,0,0,0,0.025,1,1.0,1.0,0.6667,0.1333
TXN_L_0819,legitima,1,1,0,0,0.0,0,0.6667,1.0,0.3333,0.0
TXN_L_0212,legitima,0,0,0,0,0.1,1,0.6667,1.0,0.3333,0.0
TXN_L_0563,legitima,0,0,0,0,0.0,1,1.0,1.0,0.6667,0.0
TXN_L_0662,legitima,0,0,0,1,0.0,1,1.0,1.0,0.3333,0.0
TXN_L_0023,legitima,1,1,0,1,0.08,0,0.3333,1.0,0.3333,0.0
TXN_L_0131,legitima,0,0,0,0,0.1,1,0.3333,1.0,0.3333,0.0
TXN_L_0524,legitima,1,0,0,0,0.0,0,0.3333,1.0,0.3333,0.0
TXN_L_0682,legitima,1,1,0,0,0.0,0,0.6667,1.0,0.6667,0.0
TXN_L_0042,legitima,1,0,0,0,0.025,0,1.0,1.0,0.3333,0.1364
TXN_C_0017,clonacion,1,1,0,0,0.0444,0,0.6667,1.0,0.6667,0.087
TXN_C_0015,clonacion,1,1,0,0,0.0444,0,0.3333,1.0,0.6667,0.0889
TXN_L_0456,legitima,0,0,0,0,0.087,1,0.3333,1.0,0.3333,0.0
TXN_L_0086,legitima,1,0,0,0,0.0278,0,0.3333,1.0,0.3333,0.0
TXN_L_0617,legitima,1,0,0,0,0.0952,0,0.3333,1.0,0.3333,0.0
TXN_L_0022,legitima,1,0,0,1,0.0,0,0.3333,1.0,0.6667,0.0
TXN_L_0443,legitima,1,0,0,0,0.0667,0,1.0,1.0,0.6667,0.0
TXN_L_0408,legitima,1,0,0,0,0.0625,0,1.0,1.0,0.6667,0.0
TXN_L_0068,legitima,1,1,0,0,0.0,0,0.6667,1.0,0.6667,0.0
TXN_L_0821,legitima,1,1,0,1,0.025,0,0.3333,1.0,0.3333,0.1463
TXN_L_0498,legitima,1,1,0,0,0.0294,0,1.0,1.0,0.6667,0.3158
TXN_L_0233,legitima,0,1,0,0,0.0444,1,0.6667,1.0,0.6667,0.087
TXN_L_0406,legitima,1,0,0,1,0.0,0,0.3333,1.0,0.6667,0.0
TXN_L_0394,legitima,1,1,0,1,0.0,0,0.3333,1.0,0.6667,0.0
TXN_C_0031,clonacion,1,1,0,0,0.087,0,0.3333,1.0,0.6667,0.0
TXN_L_0127,legitima,0,0,0,1,0.1176,1,0.6667,1.0,0.6667,0.0
TXN_L_0098,legitima,0,0,0,0,0.025,1,1.0,1.0,0.3333,0.1224
TXN_L_0056,legitima,1,0,0,1,0.0294,0,0.6667,1.0,0.3333,0.3429
TXN_L_0472,legitima,1,1,0,0,0.0,0,0.3333,1.0,0.6667,0.0
TXN_P_0025,cnp,0,1,0,1,0.0444,1,1.0,1.0,0.3333,0.2
TXN_L_0415,legitima,0,0,0,1,0.025,1,0.3333,1.0,0.3333,0.15
TXN_L_0016,legitima,0,0,0,1,0.0,1,0.3333,1.0,0.3333,0.0
TXN_L_0596,legitima,1,0,0,1,0.0526,0,1.0,1.0,0.3333,0.0
TXN_L_0461,legitima,0,0,0,1,0.0,1,0.6667,1.0,0.3333,0.0
TXN_L_0380,legitima,0,0,0,1,0.0,1,0.6667,1.0,0.6667,0.0
TXN_C_0029,clonacion,1,1,0,0,0.1,0,0.6667,1.0,0.6667,0.0
TXN_L_0533,legitima,1,1,0,0,0.1364,0,1.0,1.0,0.6667,0.2121
TXN_P_0036,cnp,0,1,0,1,0.025,1,1.0,1.0,0.3333,0.2553
TXN_L_0009,legitima,1,1,0,0,0.0,0,0.6667,1.0,0.6667,0.0
TXN_L_0073,legitima,0,1,0,0,0.0,1,0.6667,1.0,0.6667,0.0
TXN_L_0840,legitima,0,0,0,1,0.0,1,1.0,1.0,0.3333,0.0
TXN_L_0273,legitima,1,1,0,1,0.0476,0,1.0,1.0,0.6667,0.0
TXN_P_0037,cnp,0,1,0,0,0.0294,1,1.0,1.0,0.3333,0.4211
TXN_L_0216,legitima,1,1,0,0,0.0,0,1.0,1.0,0.6667,0.0
TXN_L_0548,legitima,1,0,0,0,0.0,0,1.0,1.0,0.6667,0.3214
TXN_C_0008,clonacion,1,1,1,0,0.3636,0,0.6667,1.0,0.6667,0.0
TXN_C_0039,clonacion,1,1,0,0,0.1176,0,1.0,1.0,0.6667,0.32
TXN_L_0110,legitima,0,1,0,1,0.0,1,0.3333,1.0,0.6667,0.0
TXN_L_0069,legitima,1,1,0,0,0.087,0,1.0,1.0,0.3333,0.1944
TXN_L_0760,legitima,0,0,0,0,0.0,1,1.0,1.0,0.3333,0.0
TXN_C_0011,clonacion,1,1,0,0,0.0625,0,0.6667,1.0,0.6667,0.0
TXN_L_0107,legitima,1,0,0,1,0.0,0,0.3333,1.0,0.3333,0.3214
TXN_L_0105,legitima,1,1,0,1,0.0,0,1.0,1.0,0.6667,0.0
TXN_P_0033,cnp,0,0,0,0,0.0,1,1.0,1.0,0.3333,0.3421
TXN_L_0149,legitima,0,1,0,0,0.0385,1,0.3333,1.0,0.6667,0.0
TXN_L_0221,legitima,1,1,0,0,0.0,0,1.0,1.0,0.6667,0.0
TXN_L_0174,legitima,1,0,0,1,0.0625,0,1.0,1.0,0.6667,0.0
TXN_L_0660,legitima,0,1,0,1,0.0,1,1.0,1.0,0.6667,0.0
TXN_L_0283,legitima,0,0,0,0,0.1176,1,0.6667,1.0,0.6667,0.0
TXN_L_0325,legitima,1,0,0,0,0.025,0,1.0,1.0,0.3333,0.1364
TXN_L_0522,legitima,1,1,0,0,0.0233,0,1.0,1.0,0.3333,0.0
TXN_L_0080,legitima,0,1,0,0,0.1176,1,0.3333,1.0,0.3333,0.0
TXN_L_0701,legitima,1,1,0,1,0.0,0,1.0,1.0,0.3333,0.0
TXN_L_0297,legitima,0,0,0,1,0.0476,1,1.0,1.0,0.6667,0.0
TXN_L_0513,legitima,0,1,0,0,0.0556,1,0.3333,1.0,0.3333,0.0
TXN_L_0711,legitima,1,0,0,1,0.0444,0,0.3333,1.0,0.3333,0.0889
TXN_L_0091,legitima,0,1,0,0,0.025,1,0.3333,1.0,0.3333,0.1463
TXN_L_0361,legitima,1,0,0,0,0.025,0,0.6667,1.0,0.6667,0.15
TXN_L_0491,legitima,1,0,0,0,0.0435,0,1.0,1.0,0.3333,0.0
TXN_L_0286,legitima,1,1,0,0,0.0526,0,0.3333,1.0,0.3333,0.0
TXN_L_0145,legitima,1,0,0,0,0.1364,0,0.3333,1.0,0.3333,0.0
TXN_L_0736,legitima,1,0,0,0,0.0625,0,1.0,1.0,0.6667,0.0
TXN_L_0518,legitima,1,1,0,1,0.0,0,0.6667,1.0,0.6667,0.0
TXN_L_0112,legitima,0,0,0,1,0.0233,1,0.3333,1.0,0.3333,0.0
TXN_L_0459,legitima,1,0,0,1,0.0,0,0.3333,1.0,0.6667,0.0
TXN_L_0081,legitima,0,1,0,1,0.0294,1,1.0,1.0,0.3333,0.3
TXN_L_0375,legitima,0,0,0,1,0.0233,1,0.6667,1.0,0.6667,0.0
TXN_L_0731,legitima,1,1,0,0,0.0233,0,0.6667,1.0,0.6667,0.0
TXN_L_0298,legitima,0,0,0,0,0.0,1,1.0,1.0,0.6667,0.0
TXN_L_0126,legitima,1,1,0,1,0.0952,0,1.0,1.0,0.6667,0.0
TXN_L_0771,legitima,0,0,0,0,0.0,1,1.0,1.0,0.6667,0.0
TXN_P_0011,cnp,0,1,0,0,0.0444,1,1.0,1.0,0.3333,0.1786
TXN_L_0355,legitima,1,0,0,0,0.0,0,1.0,1.0,0.3333,0.0
TXN_L_0331,legitima,0,0,0,1,0.0233,1,0.6667,1.0,0.6667,0.0
TXN_L_0792,legitima,1,0,0,1,0.0435,0,0.3333,1.0,0.6667,0.0
TXN_L_0495,legitima,1,1,0,0,0.0,0,1.0,1.0,0.6667,0.0
TXN_L_0656,legitima,0,0,0,0,0.0556,1,0.6667,1.0,0.3333,0.0
TXN_L_0737,legitima,1,0,0,0,0.0,0,0.3333,1.0,0.3333,0.0
TXN_P_0038,cnp,0,1,0,0,0.0444,1,1.0,1.0,0.3333,0.2
TXN_L_0222,legitima,0,0,0,0,0.0,1,0.6667,1.0,0.3333,0.0
TXN_L_0399,legitima,0,0,0,1,0.1364,1,0.6667,1.0,0.6667,0.0
TXN_L_0296,legitima,1,0,0,1,0.0385,0,0.3333,1.0,0.3333,0.0
TXN_L_0505,legitima,1,1,0,0,0.0444,0,0.3333,1.0,0.6667,0.0889
TXN_P_0034,cnp,0,1,0,0,0.0,1,1.0,1.0,0.3333,0.5
TXN_L_0707,legitima,1,0,0,0,0.0,0,1.0,1.0,0.3333,0.0
TXN_L_0519,legitima,1,0,0,0,0.0526,0,0.3333,1.0,0.3333,0.0
TXN_L_0178,legitima,1,0,0,0,0.0,0,0.6667,1.0,0.6667,0.0
TXN_L_0892,legitima,0,1,0,1,0.025,1,1.0,1.0,0.6667,0.1224
TXN_L_0885,legitima,1,1,0,0,0.0435,0,0.6667,1.0,0.3333,0.0
TXN_L_0135,legitima,0,0,0,0,0.0,1,0.6667,1.0,0.6667,0.0
TXN_L_0698,legitima,0,0,0,1,0.0233,1,0.6667,1.0,0.6667,0.0
TXN_L_0570,legitima,0,0,0,1,0.0,1,0.3333,1.0,0.3333,0.0
TXN_L_0630,legitima,1,0,0,1,0.0,0,1.0,1.0,0.6667,0.0
TXN_L_0560,legitima,0,1,0,1,0.0667,1,0.6667,1.0,0.6667,0.0
TXN_L_0281,legitima,1,0,0,1,0.2,0,0.6667,1.0,0.6667,0.0
TXN_L_0096,legitima,0,0,0,1,0.1176,1,1.0,1.0,0.6667,0.0
TXN_L_0526,legitima,1,0,0,0,0.1364,0,1.0,1.0,0.3333,0.0
TXN_L_0272,legitima,1,1,0,0,0.0278,0,0.3333,1.0,0.6667,0.0
TXN_L_0837,legitima,0,1,0,1,0.0,1,1.0,1.0,0.3333,0.0
TXN_L_0705,legitima,1,0,0,0,0.0,0,1.0,1.0,0.6667,0.0
TXN_L_0164,legitima,1,0,0,0,0.0,0,0.6667,1.0,0.3333,0.0
TXN_L_0108,legitima,0,0,0,1,0.0233,1,0.6667,1.0,0.6667,0.0
TXN_L_0388,legitima,0,0,0,1,0.0,1,1.0,1.0,0.6667,0.0
TXN_L_0390,legitima,0,0,0,1,0.0476,1,1.0,1.0,0.6667,0.0
TXN_L_0839,legitima,1,1,0,0,0.1176,0,0.6667,1.0,0.6667,0.0
TXN_L_0378,legitima,1,0,0,0,0.0,0,1.0,1.0,0.6667,0.0
TXN_L_0241,legitima,0,1,0,0,0.0,1,0.3333,1.0,0.6667,0.0
TXN_L_0187,legitima,1,1,0,0,0.0556,0,0.6667,1.0,0.6667,0.0
TXN_L_0311,legitima,0,1,0,1,0.1429,1,1.0,1.0,0.3333,0.0
TXN_L_0102,legitima,1,0,0,1,0.0385,0,0.6667,1.0,0.3333,0.0
TXN_L_0288,legitima,1,1,0,0,0.0,0,0.3333,1.0,0.3333,0.0
TXN_L_0421,legitima,0,0,0,1,0.1,1,0.3333,1.0,0.3333,0.0
TXN_L_0891,legitima,0,0,0,1,0.0,1,0.3333,1.0,0.3333,0.0
TXN_L_0568,legitima,0,0,0,1,0.0,1,0.6667,1.0,0.6667,0.0
TXN_L_0597,legitima,0,1,0,0,0.0,1,0.6667,1.0,0.6667,0.0
TXN_L_0782,legitima,1,0,0,1,0.0385,0,0.3333,1.0,0.6667,0.0
TXN_L_0652,legitima,0,0,0,0,0.08,1,0.3333,1.0,0.3333,0.0
TXN_L_0079,legitima,1,1,0,0,0.0,0,0.6667,1.0,0.6667,0.0
TXN_L_0669,legitima,0,1,0,1,0.0,1,0.6667,1.0,0.6667,0.0
TXN_L_0661,legitima,1,0,0,0,0.08,0,1.0,1.0,0.3333,0.0
TXN_L_0594,legitima,1,0,0,1,0.0,0,1.0,1.0,0.6667,0.0
TXN_L_0264,legitima,0,0,0,0,0.0,1,0.6667,1.0,0.6667,0.0
TXN_L_0571,legitima,0,0,0,1,0.1,1,1.0,1.0,0.3333,0.0
TXN_L_0274,legitima,1,0,0,1,0.1429,0,0.6667,1.0,0.6667,0.0
TXN_L_0444,legitima,0,0,0,1,0.0,1,1.0,1.0,0.3333,0.3
TXN_L_0686,legitima,0,1,0,0,0.1,1,0.6667,1.0,0.6667,0.0
TXN_L_0787,legitima,0,0,0,1,0.0,1,0.3333,1.0,0.3333,0.0
TXN_L_0198,legitima,1,0,0,0,0.0,0,1.0,1.0,0.6667,0.0
TXN_L_0742,legitima,0,0,0,0,0.0526,1,1.0,1.0,0.3333,0.0
TXN_L_0234,legitima,0,0,0,1,0.0233,1,1.0,1.0,0.6667,0.0
TXN_L_0204,legitima,0,0,0,1,0.087,1,0.6667,1.0,0.3333,0.0
TXN_L_0614,legitima,1,0,0,0,0.0294,0,1.0,1.0,0.3333,0.3
TXN_L_0238,legitima,0,0,0,1,0.0625,1,0.3333,1.0,0.3333,0.0
TXN_L_0841,legitima,1,0,0,0,0.0526,0,0.3333,1.0,0.3333,0.0
TXN_L_0101,legitima,0,0,0,1,0.0,1,0.6667,1.0,0.6667,0.0
TXN_C_0013,clonacion,1,1,0,0,0.1429,0,0.6667,1.0,0.3333,0.0
TXN_L_0773,legitima,1,0,0,0,0.0,0,0.6667,1.0,0.6667,0.375
TXN_L_0141,legitima,0,1,0,1,0.0,1,0.6667,1.0,0.6667,0.0
TXN_C_0001,clonacion,1,1,0,0,0.0435,0,0.3333,1.0,0.6667,0.0
TXN_L_0621,legitima,0,0,0,0,0.0233,1,0.6667,1.0,0.3333,0.0
TXN_L_0510,legitima,0,0,0,1,0.0444,1,0.3333,1.0,0.3333,0.0889
TXN_C_0022,clonacion,1,1,0,0,0.1364,0,1.0,1.0,0.6667,0.0
TXN_L_0549,legitima,0,1,0,1,0.1176,1,0.6667,1.0,0.6667,0.0
TXN_L_0777,legitima,0,1,0,0,0.0,1,1.0,1.0,0.6667,0.0
TXN_L_0078,legitima,0,1,0,0,0.0,1,0.6667,1.0,0.6667,0.0
TXN_L_0045,legitima,0,0,0,1,0.025,1,1.0,1.0,0.3333,0.1364
TXN_L_0628,legitima,1,0,0,1,0.0,0,0.6667,1.0,0.6667,0.0
TXN_L_0036,legitima,1,0,0,0,0.0435,0,1.0,1.0,0.3333,0.0
TXN_L_0084,legitima,1,0,0,0,0.3636,0,0.3333,1.0,0.3333,0.0
TXN_L_0796,legitima,1,0,0,1,0.0,0,0.6667,1.0,0.6667,0.0
TXN_L_0314,legitima,0,0,0,1,0.1364,1,0.3333,1.0,0.3333,0.0
TXN_L_0445,legitima,1,1,0,1,0.0,0,0.6667,1.0,0.6667,0.0
TXN_L_0530,legitima,0,1,0,0,0.08,1,0.6667,1.0,0.6667,0.0
TXN_L_0643,legitima,1,1,0,0,0.0625,0,0.3333,1.0,0.3333,0.0
TXN_L_0356,legitima,1,0,0,1,0.025,0,1.0,1.0,0.3333,0.1224
TXN_L_0285,legitima,0,1,0,0,0.0556,1,0.3333,1.0,0.3333,0.0
TXN_C_0024,clonacion,1,1,0,0,0.0476,0,0.6667,1.0,0.6667,0.0
TXN_L_0850,legitima,0,0,0,1,0.087,1,0.6667,1.0,0.6667,0.0
TXN_L_0013,legitima,0,1,0,1,0.0278,1,1.0,1.0,0.3333,0.0
TXN_L_0790,legitima,0,0,0,1,0.0625,1,0.6667,1.0,0.3333,0.0
TXN_L_0180,legitima,1,1,0,0,0.0,0,1.0,1.0,0.6667,0.0
TXN_L_0648,legitima,0,0,0,1,0.0,1,0.6667,1.0,0.3333,0.0
TXN_L_0897,legitima,1,0,0,0,0.0278,0,1.0,1.0,0.6667,0.0
TXN_L_0200,legitima,1,1,0,0,0.0444,0,0.6667,1.0,0.6667,0.087
TXN_L_0014,legitima,1,0,0,0,0.0444,0,0.6667,1.0,0.3333,0.0816
TXN_L_0262,legitima,1,0,0,1,0.0,0,0.3333,1.0,0.3333,0.0
TXN_L_0803,legitima,0,0,0,0,0.087,1,1.0,1.0,0.6667,0.0
TXN_L_0044,legitima,0,0,0,0,0.0,1,0.3333,1.0,0.3333,0.0
TXN_P_0023,cnp,0,0,0,0,0.025,1,1.0,1.0,0.3333,0.2745
TXN_L_0679,legitima,0,1,0,1,0.0,1,1.0,1.0,0.6667,0.0
TXN_L_0368,legitima,0,0,0,1,0.1364,1,1.0,1.0,0.3333,0.0
TXN_L_0119,legitima,1,1,0,1,0.0526,0,0.6667,1.0,0.6667,0.0
TXN_L_0494,legitima,0,1,0,1,0.0,1,0.6667,1.0,0.6667,0.0
TXN_L_0579,legitima,0,0,0,0,0.0,1,0.3333,1.0,0.3333,0.0
TXN_L_0190,legitima,1,1,0,1,0.0,0,1.0,1.0,0.6667,0.0
TXN_L_0118,legitima,1,0,0,0,0.0385,0,0.3333,1.0,0.3333,0.0
TXN_C_0000,clonacion,1,1,0,0,0.025,0,0.6667,1.0,0.6667,0.1463
TXN_C_0021,clonacion,1,1,0,0,0.087,0,1.0,1.0,0.3333,0.0
TXN_L_0100,legitima,1,0,0,0,0.0,0,0.3333,1.0,0.3333,0.0
TXN_L_0024,legitima,0,0,0,1,0.0,1,1.0,1.0,0.3333,0.0
TXN_L_0528,legitima,1,1,0,0,0.0,0,0.6667,1.0,0.6667,0.0
TXN_L_0346,legitima,0,0,0,1,0.0,1,0.6667,1.0,0.3333,0.0
TXN_L_0833,legitima,0,1,0,0,0.0,1,0.6667,1.0,0.6667,0.375
TXN_L_0017,legitima,0,0,0,1,0.0,1,0.3333,1.0,0.3333,0.0
TXN_L_0521,legitima,0,0,0,1,0.0,1,1.0,1.0,0.6667,0.0
TXN_L_0817,legitima,0,1,0,0,0.0556,1,1.0,1.0,0.6667,0.0
TXN_L_0715,legitima,0,0,0,1,0.0,1,0.3333,1.0,0.3333,0.0
TXN_L_0426,legitima,1,0,0,1,0.0,0,0.3333,1.0,0.3333,0.0
TXN_C_0020,clonacion,1,1,0,0,0.1,0,1.0,1.0,0.6667,0.0
TXN_L_0708,legitima,0,0,0,0,0.0,1,0.6667,1.0,0.3333,0.0
TXN_L_0214,legitima,1,1,0,1,0.0,0,0.6667,1.0,0.6667,0.0
TXN_L_0801,legitima,1,0,0,1,0.0,0,0.6667,1.0,0.6667,0.0
TXN_L_0800,legitima,0,1,0,0,0.0,1,0.6667,1.0,0.3333,0.2647
TXN_L_0486,legitima,0,0,0,0,0.0,1,0.3333,1.0,0.6667,0.0
TXN_L_0523,legitima,1,0,0,0,0.025,0,1.0,1.0,0.3333,0.1304
TXN_L_0030,legitima,1,0,0,1,0.0556,0,0.3333,1.0,0.3333,0.0
TXN_L_0218,legitima,0,0,0,1,0.0,1,1.0,1.0,0.6667,0.0
TXN_L_0463,legitima,0,0,0,1,0.0278,1,0.3333,1.0,0.3333,0.0
TXN_L_0320,legitima,0,1,0,0,0.3636,1,0.6667,1.0,0.3333,0.0
TXN_L_0290,legitima,1,0,0,0,0.0444,0,1.0,1.0,0.6667,0.087
TXN_L_0358,legitima,0,0,0,1,0.0233,1,1.0,1.0,0.3333,0.0
TXN_L_0655,legitima,0,1,0,0,0.0,1,0.6667,1.0,0.6667,0.0
TXN_L_0031,legitima,1,1,0,0,0.0,0,0.6667,1.0,0.3333,0.0
TXN_L_0289,legitima,1,0,0,0,0.0,0,1.0,1.0,0.6667,0.0
TXN_L_0639,legitima,0,0,0,0,0.1429,1,0.6667,1.0,0.6667,0.0
TXN_L_0606,legitima,0,0,0,0,0.0233,1,1.0,1.0,0.6667,0.0
TXN_L_0132,legitima,0,1,0,0,0.0278,1,0.3333,1.0,0.3333,0.0
TXN_L_0477,legitima,0,1,0,0,0.0,1,1.0,1.0,0.6667,0.0
TXN_L_0125,legitima,1,0,0,0,0.0,0,0.3333,1.0,0.3333,0.0
TXN_L_0684,legitima,1,1,0,0,0.0952,0,1.0,1.0,0.3333,0.0
TXN_L_0765,legitima,0,0,0,1,0.0,1,0.6667,1.0,0.6667,0.0
TXN_L_0179,legitima,1,1,0,0,0.0,0,0.6667,1.0,0.6667,0.0
TXN_L_0723,legitima,1,0,0,1,0.0385,0,0.3333,1.0,0.3333,0.0
TXN_L_0265,legitima,0,1,0,1,0.1176,1,0.3333,1.0,0.3333,0.0
TXN_L_0249,legitima,1,0,0,0,0.0625,0,0.3333,1.0,0.6667,0.0
TXN_L_0043,legitima,0,1,0,0,0.2,1,0.6667,1.0,0.3333,0.0
TXN_L_0693,legitima,1,0,0,0,0.0,0,0.6667,1.0,0.6667,0.0
TXN_L_0251,legitima,1,0,0,0,0.0,0,0.6667,1.0,0.6667,0.3214
TXN_L_0168,legitima,0,1,0,0,0.0,1,1.0,1.0,0.6667,0.0
TXN_L_0784,legitima,0,0,0,1,0.0444,1,0.3333,1.0,0.3333,0.0889
TXN_L_0822,legitima,0,1,0,1,0.1,1,1.0,1.0,0.6667,0.0
TXN_L_0059,legitima,1,0,0,0,0.0,0,1.0,1.0,0.3333,0.0
TXN_L_0266,legitima,0,0,0,1,0.0,1,1.0,1.0,0.6667,0.3333
TXN_L_0875,legitima,0,1,0,0,0.0,1,1.0,1.0,0.6667,0.0
TXN_P_0019,cnp,0,1,0,0,0.0,1,1.0,1.0,0.3333,0.4815
TXN_L_0483,legitima,0,1,0,1,0.0,1,1.0,1.0,0.3333,0.0
TXN_L_0601,legitima,0,1,0,1,0.0385,1,0.6667,1.0,0.3333,0.0
TXN_L_0153,legitima,0,1,0,0,0.025,1,1.0,1.0,0.6667,0.1333
TXN_L_0215,legitima,0,0,0,0,0.0,1,0.6667,1.0,0.3333,0.0
TXN_L_0704,legitima,1,0,0,0,0.0,0,0.3333,1.0,0.6667,0.0
TXN_L_0758,legitima,1,1,0,1,0.0,0,0.6667,1.0,0.6667,0.0
TXN_C_0005,clonacion,1,1,0,1,0.2,0,0.6667,1.0,0.6667,0.0
TXN_P_0029,cnp,0,1,0,0,0.0294,1,1.0,1.0,0.3333,0.4
TXN_L_0709,legitima,1,1,0,0,0.0,0,0.6667,1.0,0.6667,0.0
TXN_L_0116,legitima,1,1,0,0,0.0,0,0.3333,1.0,0.3333,0.0
TXN_L_0245,legitima,0,0,0,1,0.0,1,0.3333,1.0,0.6667,0.0
TXN_L_0532,legitima,1,0,0,0,0.0,0,0.3333,1.0,0.6667,0.0
TXN_L_0371,legitima,1,0,0,1,0.1176,0,0.3333,1.0,0.3333,0.0
TXN_L_0882,legitima,0,0,0,1,0.0444,1,0.6667,1.0,0.3333,0.0816
TXN_L_0640,legitima,1,1,0,0,0.0,0,0.6667,1.0,0.3333,0.0
TXN_L_0120,legitima,1,0,0,0,0.0444,0,0.3333,1.0,0.6667,0.0889
TXN_L_0276,legitima,0,0,0,1,0.0294,1,0.6667,1.0,0.3333,0.2927
TXN_L_0157,legitima,1,0,0,1,0.0,0,0.6667,1.0,0.3333,0.0
TXN_L_0547,legitima,1,0,0,1,0.0,0,0.6667,1.0,0.6667,0.0
TXN_L_0144,legitima,0,1,0,0,0.087,1,0.6667,1.0,0.6667,0.0
TXN_L_0026,legitima,1,0,0,0,0.08,0,1.0,1.0,0.3333,0.0
TXN_L_0772,legitima,1,1,0,0,0.0,0,0.6667,1.0,0.6667,0.0
TXN_L_0470,legitima,1,0,0,1,0.0,0,0.6667,1.0,0.3333,0.0
TXN_P_0024,cnp,0,0,0,0,0.0,1,1.0,1.0,0.3333,0.5
TXN_L_0666,legitima,0,0,0,0,0.0,1,0.3333,1.0,0.3333,0.0
TXN_L_0703,legitima,1,0,0,0,0.0444,0,0.6667,1.0,0.6667,0.0889
TXN_L_0439,legitima,0,0,0,0,0.0,1,0.6667,1.0,0.6667,0.0
TXN_C_0012,clonacion,1,0,0,0,0.08,0,0.6667,1.0,0.6667,0.0
TXN_L_0899,legitima,0,0,0,1,0.0,1,1.0,1.0,0.6667,0.0
TXN_L_0167,legitima,1,0,0,0,0.0294,0,0.6667,1.0,0.6667,0.3429
TXN_L_0609,legitima,0,0,0,1,0.0294,1,0.3333,1.0,0.6667,0.3529
TXN_L_0028,legitima,1,1,0,0,0.0,0,0.3333,1.0,0.3333,0.0
TXN_L_0186,legitima,0,1,0,0,0.0952,1,1.0,1.0,0.6667,0.0
TXN_L_0066,legitima,0,0,0,1,0.0,1,0.6667,1.0,0.6667,0.0
TXN_L_0323,legitima,0,0,0,1,0.0,1,0.6667,1.0,0.3333,0.0
TXN_L_0414,legitima,1,0,0,1,0.0,0,0.6667,1.0,0.6667,0.0
TXN_L_0672,legitima,0,0,0,1,0.0556,1,1.0,1.0,0.6667,0.0
TXN_L_0259,legitima,0,0,0,1,0.0233,1,1.0,1.0,0.6667,0.0
TXN_L_0196,legitima,1,0,0,0,0.1,0,0.3333,1.0,0.3333,0.0
TXN_L_0302,legitima,0,0,0,1,0.0625,1,0.3333,1.0,0.3333,0.0
TXN_L_0877,legitima,0,0,0,1,0.2,1,0.6667,1.0,0.6667,0.0
TXN_L_0048,legitima,1,0,0,1,0.0,0,0.6667,1.0,0.6667,0.0
TXN_L_0761,legitima,0,0,0,1,0.0476,1,0.6667,1.0,0.6667,0.0
TXN_L_0423,legitima,1,0,0,1,0.08,0,0.6667,1.0,0.3333,0.0
TXN_L_0633,legitima,0,1,0,0,0.0444,1,0.6667,1.0,0.6667,0.0889
TXN_P_0018,cnp,0,0,0,0,0.025,1,1.0,1.0,0.3333,0.2115
TXN_L_0061,legitima,0,0,0,1,0.025,1,1.0,1.0,0.6667,0.1224
TXN_L_0496,legitima,1,0,0,1,0.0,0,1.0,1.0,0.6667,0.0
TXN_L_0680,legitima,1,0,0,1,0.1,0,0.6667,1.0,0.3333,0.0
TXN_L_0551,legitima,1,0,0,0,0.1429,0,0.3333,1.0,0.6667,0.0
TXN_L_0738,legitima,1,0,0,0,0.025,0,1.0,1.0,0.3333,0.1364
TXN_L_0616,legitima,0,0,0,0,0.0,1,1.0,1.0,0.6667,0.0
TXN_L_0332,legitima,0,0,0,0,0.0556,1,0.6667,1.0,0.3333,0.0
TXN_L_0756,legitima,1,1,0,1,0.0,0,1.0,1.0,0.3333,0.0
TXN_L_0625,legitima,0,1,0,1,0.0,1,0.3333,1.0,0.3333,0.0
TXN_L_0062,legitima,1,0,0,0,0.0952,0,0.3333,1.0,0.3333,0.0
TXN_L_0379,legitima,1,0,0,0,0.0625,0,0.3333,1.0,0.3333,0.0
TXN_L_0123,legitima,0,0,0,0,0.0556,1,1.0,1.0,0.3333,0.0
TXN_L_0637,legitima,1,0,0,1,0.1176,0,0.6667,1.0,0.6667,0.0
TXN_L_0806,legitima,0,0,0,0,0.0233,1,0.6667,1.0,0.3333,0.0
TXN_L_0192,legitima,0,0,0,0,0.1176,1,0.6667,1.0,0.6667,0.0
TXN_L_0210,legitima,1,0,0,0,0.0278,0,0.6667,1.0,0.6667,0.0
TXN_L_0386,legitima,1,1,0,0,0.1176,0,0.6667,1.0,0.6667,0.0
TXN_P_0028,cnp,0,1,0,0,0.0294,1,1.0,1.0,0.3333,0.4
TXN_L_0236,legitima,0,1,0,0,0.0,1,1.0,1.0,0.6667,0.0
TXN_C_0034,clonacion,1,1,0,0,0.0278,0,0.3333,1.0,0.6667,0.0
TXN_L_0229,legitima,0,0,0,1,0.0,1,1.0,1.0,0.6667,0.0
TXN_L_0467,legitima,1,0,0,1,0.0,0,0.6667,1.0,0.3333,0.3214
TXN_L_0340,legitima,1,1,0,0,0.0,0,0.6667,1.0,0.3333,0.0
TXN_L_0556,legitima,1,1,0,0,0.0,0,1.0,1.0,0.3333,0.3
TXN_L_0559,legitima,0,1,0,1,0.0233,1,1.0,1.0,0.3333,0.0
TXN_P_0012,cnp,0,1,0,0,0.0294,1,1.0,1.0,0.3333,0.4211
TXN_L_0604,legitima,0,1,0,0,0.0625,1,0.6667,1.0,0.6667,0.0
TXN_L_0581,legitima,0,0,0,0,0.0,1,0.3333,1.0,0.6667,0.0
TXN_L_0113,legitima,0,0,0,1,0.0278,1,1.0,1.0,0.3333,0.0
TXN_L_0065,legitima,1,1,0,0,0.0,0,0.3333,1.0,0.6667,0.0
TXN_L_0243,legitima,1,1,0,0,0.0,0,0.6667,1.0,0.6667,0.0
TXN_L_0033,legitima,0,0,0,0,0.0435,1,0.6667,1.0,0.3333,0.0
TXN_L_0317,legitima,0,1,0,1,0.0952,1,0.6667,1.0,0.3333,0.0
TXN_L_0140,legitima,0,0,0,0,0.087,1,1.0,1.0,0.3333,0.0
TXN_L_0492,legitima,0,0,0,1,0.1429,1,1.0,1.0,0.3333,0.0
TXN_L_0279,legitima,1,0,0,0,0.0,0,0.3333,1.0,0.3333,0.0
TXN_L_0527,legitima,1,1,0,0,0.0476,0,0.3333,1.0,0.3333,0.0
TXN_L_0536,legitima,0,0,0,1,0.0,1,0.3333,1.0,0.3333,0.0
TXN_L_0497,legitima,1,0,0,0,0.0,0,0.6667,1.0,0.3333,0.0
TXN_L_0473,legitima,0,1,0,0,0.08,1,0.6667,1.0,0.6667,0.0
TXN_L_0018,legitima,1,0,0,1,0.0278,0,0.3333,1.0,0.3333,0.0
TXN_L_0719,legitima,0,0,0,0,0.1429,1,1.0,1.0,0.3333,0.0
TXN_L_0403,legitima,1,1,0,0,0.0,0,0.3333,1.0,0.3333,0.0
TXN_L_0328,legitima,0,0,0,1,0.0,1,0.3333,1.0,0.3333,0.0
TXN_L_0416,legitima,0,0,0,0,0.0444,1,0.3333,1.0,0.3333,0.087
TXN_L_0308,legitima,0,1,0,0,0.0,1,1.0,1.0,0.6667,0.0
TXN_C_0026,clonacion,1,1,0,0,0.1364,0,0.3333,1.0,0.6667,0.0
TXN_L_0464,legitima,1,0,0,0,0.0952,0,0.3333,1.0,0.3333,0.0
TXN_L_0768,legitima,1,0,0,0,0.0385,0,0.6667,1.0,0.3333,0.0
TXN_L_0786,legitima,0,0,0,0,0.0,1,1.0,1.0,0.6667,0.0
TXN_L_0152,legitima,0,0,0,1,0.1,1,0.3333,1.0,0.3333,0.0
TXN_P_0003,cnp,0,1,0,0,0.0,1,1.0,1.0,0.3333,0.4324
TXN_L_0631,legitima,1,0,0,1,0.0,0,0.6667,1.0,0.3333,0.0
TXN_L_0440,legitima,1,0,0,1,0.0,0,0.6667,1.0,0.3333,0.0
TXN_L_0345,legitima,0,0,0,1,0.0294,1,0.6667,1.0,0.6667,0.3429
TXN_L_0040,legitima,0,1,0,1,0.0556,1,0.6667,1.0,0.3333,0.0
TXN_C_0025,clonacion,1,1,0,0,0.1,0,0.3333,1.0,0.3333,0.0
TXN_L_0872,legitima,0,0,0,1,0.0294,1,0.3333,1.0,0.3333,0.3333
TXN_L_0395,legitima,1,0,0,0,0.0476,0,0.6667,1.0,0.3333,0.0
TXN_L_0453,legitima,0,0,0,0,0.025,1,0.6667,1.0,0.3333,0.1333
TXN_L_0057,legitima,0,1,0,0,0.1364,1,0.3333,1.0,0.3333,0.0
TXN_L_0741,legitima,1,1,0,0,0.0278,0,0.3333,1.0,0.3333,0.0
TXN_L_0060,legitima,0,0,0,0,0.0,1,0.3333,1.0,0.3333,0.0
TXN_C_0027,clonacion,1,1,0,0,0.1,0,0.3333,1.0,0.6667,0.0
TXN_L_0258,legitima,1,0,0,0,0.0526,0,0.6667,1.0,0.6667,0.0
TXN_L_0733,legitima,1,1,0,1,0.0,0,0.6667,1.0,0.6667,0.0
TXN_L_0525,legitima,0,1,0,1,0.0,1,0.6667,1.0,0.3333,0.0
TXN_L_0844,legitima,0,0,0,0,0.0444,1,0.3333,1.0,0.3333,0.0889
TXN_L_0260,legitima,1,0,0,1,0.1176,0,0.6667,1.0,0.6667,0.0
TXN_L_0176,legitima,1,0,0,0,0.0278,0,0.3333,1.0,0.3333,0.0
TXN_L_0115,legitima,1,1,0,0,0.0476,0,0.6667,1.0,0.6667,0.0
TXN_L_0362,legitima,0,1,0,1,0.0233,1,0.6667,1.0,0.6667,0.0
TXN_L_0469,legitima,1,0,0,0,0.0294,0,0.6667,1.0,0.3333,0.2927
TXN_L_0713,legitima,1,1,0,0,0.1,0,0.6667,1.0,0.6667,0.0
TXN_L_0799,legitima,0,0,0,0,0.0,1,0.6667,1.0,0.6667,0.0
TXN_L_0539,legitima,0,1,0,0,0.0526,1,0.6667,1.0,0.6667,0.0
TXN_L_0422,legitima,1,1,0,1,0.0556,0,0.3333,1.0,0.3333,0.0
TXN_L_0671,legitima,0,1,0,1,0.0625,1,1.0,1.0,0.6667,0.0
TXN_L_0462,legitima,0,0,0,1,0.0,1,0.6667,1.0,0.3333,0.0
TXN_L_0435,legitima,1,0,0,0,0.0,0,1.0,1.0,0.6667,0.0
TXN_L_0239,legitima,0,0,0,1,0.0667,1,1.0,1.0,0.3333,0.0
TXN_L_0035,legitima,0,0,0,0,0.0,1,0.6667,1.0,0.6667,0.0
TXN_L_0820,legitima,0,0,0,0,0.0,1,0.6667,1.0,0.3333,0.0
TXN_L_0075,legitima,1,0,0,0,0.0,0,0.6667,1.0,0.3333,0.0
TXN_L_0306,legitima,0,0,0,1,0.0278,1,1.0,1.0,0.6667,0.1628
TXN_L_0280,legitima,1,0,0,1,0.0,0,0.3333,1.0,0.6667,0.0
TXN_L_0578,legitima,1,0,0,0,0.0,0,1.0,1.0,0.6667,0.0
TXN_L_0055,legitima,0,1,0,1,0.1176,1,0.6667,1.0,0.3333,0.0
TXN_P_0010,cnp,0,0,0,0,0.0294,1,1.0,1.0,0.3333,0.4318
TXN_L_0410,legitima,0,0,0,0,0.087,1,0.3333,1.0,0.3333,0.0
TXN_C_0014,clonacion,1,1,0,0,0.0385,0,0.3333,1.0,0.6667,0.0
TXN_L_0508,legitima,0,1,0,1,0.0625,1,0.6667,1.0,0.6667,0.0
TXN_L_0267,legitima,1,1,0,0,0.1,0,0.3333,1.0,0.6667,0.0
TXN_L_0593,legitima,0,0,0,1,0.0,1,1.0,1.0,0.6667,0.0
TXN_L_0634,legitima,0,0,0,0,0.08,1,1.0,1.0,0.3333,0.0
TXN_L_0129,legitima,0,0,0,0,0.0278,1,0.6667,1.0,0.3333,0.0
TXN_L_0471,legitima,1,0,0,0,0.0,0,0.6667,1.0,0.3333,0.0
TXN_L_0798,legitima,1,0,0,0,0.0,0,0.6667,1.0,0.6667,0.0
TXN_L_0038,legitima,1,0,0,0,0.0233,0,0.6667,1.0,0.6667,0.0
TXN_L_0699,legitima,0,1,0,0,0.0,1,0.3333,1.0,0.6667,0.0
TXN_P_0021,cnp,0,1,0,0,0.0,1,1.0,1.0,0.3333,0.4118
TXN_L_0749,legitima,1,0,0,0,0.0278,0,0.3333,1.0,0.3333,0.0
TXN_L_0327,legitima,1,0,0,1,0.0444,0,1.0,1.0,0.6667,0.087
TXN_L_0089,legitima,0,1,0,0,0.0,1,1.0,1.0,0.6667,0.0
TXN_L_0454,legitima,1,1,0,1,0.025,0,1.0,1.0,0.3333,0.1224
TXN_L_0404,legitima,1,0,0,1,0.08,0,1.0,1.0,0.6667,0.0
TXN_L_0566,legitima,0,0,0,1,0.08,1,0.6667,1.0,0.6667,0.0
TXN_L_0163,legitima,0,0,0,0,0.0,1,1.0,1.0,0.6667,0.0
TXN_L_0529,legitima,0,1,0,1,0.0,1,1.0,1.0,0.6667,0.0
TXN_C_0033,clonacion,1,1,0,0,0.0667,0,0.3333,1.0,0.6667,0.0
TXN_L_0452,legitima,1,0,0,0,0.0,0,1.0,1.0,0.3333,0.0
TXN_L_0002,legitima,0,1,0,1,0.2,1,0.6667,1.0,0.3333,0.0
TXN_P_0039,cnp,0,0,0,0,0.0,1,1.0,1.0,0.3333,0.4815
TXN_L_0623,legitima,1,0,0,0,0.0,0,1.0,1.0,0.3333,0.0
TXN_L_0619,legitima,0,0,0,0,0.0556,1,1.0,1.0,0.6667,0.0
TXN_L_0889,legitima,0,0,0,1,0.0,1,0.6667,1.0,0.6667,0.0
TXN_L_0755,legitima,1,1,0,0,0.0,0,0.6667,1.0,0.6667,0.0
TXN_L_0430,legitima,1,0,0,0,0.0,0,0.6667,1.0,0.6667,0.0
TXN_L_0173,legitima,1,0,0,1,0.0435,0,0.3333,1.0,0.6667,0.0
TXN_L_0608,legitima,0,0,0,1,0.0,1,1.0,1.0,0.3333,0.0
TXN_L_0825,legitima,1,1,0,0,0.0,0,0.6667,1.0,0.6667,0.0
TXN_L_0419,legitima,0,1,0,1,0.0,1,1.0,1.0,0.6667,0.0
TXN_L_0029,legitima,1,0,0,1,0.025,0,0.3333,1.0,0.3333,0.1463
TXN_L_0242,legitima,0,1,0,0,0.0278,1,0.6667,1.0,0.6667,0.0
TXN_L_0748,legitima,0,1,0,0,0.0625,1,0.6667,1.0,0.6667,0.0
TXN_L_0106,legitima,1,0,0,1,0.0385,0,0.6667,1.0,0.3333,0.0
TXN_L_0088,legitima,0,0,0,0,0.0233,1,0.6667,1.0,0.6667,0.0
TXN_L_0359,legitima,0,1,0,0,0.0,1,1.0,1.0,0.6667,0.0
TXN_L_0544,legitima,1,0,0,0,0.0435,0,1.0,1.0,0.3333,0.0
TXN_L_0409,legitima,0,0,0,1,0.0556,1,1.0,1.0,0.6667,0.0
TXN_L_0413,legitima,0,0,0,0,0.0,1,0.6667,1.0,0.6667,0.0
TXN_L_0769,legitima,1,0,0,1,0.2,0,0.6667,1.0,0.6667,0.0
TXN_L_0188,legitima,1,0,0,0,0.0,0,1.0,1.0,0.3333,0.0
TXN_L_0465,legitima,1,0,0,0,0.0435,0,1.0,1.0,0.3333,0.0
TXN_L_0478,legitima,0,0,0,0,0.0,1,1.0,1.0,0.6667,0.0
TXN_L_0226,legitima,0,0,0,1,0.08,1,1.0,1.0,0.6667,0.0
TXN_L_0573,legitima,0,0,0,1,0.0625,1,0.6667,1.0,0.3333,0.0
TXN_L_0814,legitima,0,0,0,0,0.0,1,1.0,1.0,0.6667,0.0
TXN_P_0009,cnp,0,1,0,0,0.0,1,1.0,1.0,0.3333,0.4706
TXN_L_0070,legitima,0,0,0,0,0.0,1,0.6667,1.0,0.3333,0.0
TXN_L_0603,legitima,0,0,0,0,0.0,1,0.3333,1.0,0.3333,0.4091
TXN_L_0143,legitima,0,0,0,1,0.0,1,0.3333,1.0,0.3333,0.0
TXN_L_0330,legitima,1,1,0,1,0.0,0,0.6667,1.0,0.3333,0.0
TXN_L_0049,legitima,0,0,0,0,0.0435,1,0.3333,1.0,0.3333,0.0
TXN_L_0183,legitima,1,0,0,1,0.0,0,1.0,1.0,0.6667,0.0
TXN_C_0010,clonacion,1,0,0,0,0.3636,0,0.3333,1.0,0.6667,0.0
TXN_L_0090,legitima,0,0,0,1,0.0385,1,0.6667,1.0,0.3333,0.0
TXN_L_0673,legitima,0,1,0,1,0.0444,1,0.6667,1.0,0.6667,0.0816
TXN_L_0137,legitima,0,1,0,1,0.0625,1,1.0,1.0,0.6667,0.0
TXN_L_0316,legitima,1,0,0,1,0.0294,0,0.3333,1.0,0.3333,0.3529
TXN_L_0335,legitima,1,1,0,0,0.0,0,0.6667,1.0,0.3333,0.2432
TXN_L_0854,legitima,0,0,0,1,0.0278,1,0.3333,1.0,0.3333,0.0
TXN_L_0512,legitima,1,0,0,0,0.0,0,1.0,1.0,0.6667,0.0
TXN_L_0626,legitima,1,0,0,0,0.0556,0,1.0,1.0,0.6667,0.0
TXN_L_0411,legitima,1,0,0,0,0.0294,0,0.6667,1.0,0.3333,0.2927
TXN_L_0567,legitima,1,0,0,0,0.0444,0,0.6667,1.0,0.6667,0.0816
TXN_L_0420,legitima,1,0,0,0,0.0,0,0.3333,1.0,0.3333,0.0
TXN_L_0303,legitima,1,0,0,0,0.0294,0,0.6667,1.0,0.3333,0.3429
TXN_L_0884,legitima,1,0,0,0,0.0,0,0.6667,1.0,0.3333,0.0
TXN_L_0848,legitima,1,0,0,0,0.0278,0,1.0,1.0,0.6667,0.0
TXN_L_0207,legitima,1,0,0,1,0.0556,0,0.6667,1.0,0.3333,0.0
TXN_L_0881,legitima,1,0,0,0,0.1176,0,1.0,1.0,0.6667,0.0
TXN_L_0034,legitima,0,0,0,0,0.0476,1,1.0,1.0,0.6667,0.0
TXN_L_0506,legitima,1,0,0,1,0.0444,0,0.3333,1.0,0.3333,0.0889
TXN_L_0795,legitima,1,1,0,0,0.1,0,1.0,1.0,0.6667,0.0
TXN_L_0714,legitima,1,0,0,0,0.0,0,0.3333,1.0,0.6667,0.0
TXN_L_0324,legitima,0,0,0,1,0.0233,1,1.0,1.0,0.6667,0.0
TXN_L_0072,legitima,1,1,0,1,0.0435,0,1.0,1.0,0.6667,0.0
TXN_L_0807,legitima,1,0,0,0,0.0,0,1.0,1.0,0.6667,0.0
TXN_L_0447,legitima,1,0,0,1,0.0233,0,0.6667,1.0,0.3333,0.0
TXN_L_0864,legitima,0,0,0,0,0.0526,1,0.6667,1.0,0.6667,0.0
TXN_L_0284,legitima,0,1,0,0,0.0,1,0.6667,1.0,0.6667,0.0
TXN_L_0095,legitima,1,1,0,0,0.0,0,1.0,1.0,0.3333,0.0
TXN_L_0663,legitima,1,0,0,1,0.0,0,0.6667,1.0,0.6667,0.0
TXN_L_0184,legitima,1,0,0,0,0.0,0,1.0,1.0,0.6667,0.3333
TXN_L_0724,legitima,1,0,0,0,0.0,0,1.0,1.0,0.6667,0.0
TXN_C_0036,clonacion,1,1,0,0,0.0625,0,0.3333,1.0,0.6667,0.0
TXN_P_0015,cnp,0,1,0,1,0.0,1,1.0,1.0,0.3333,0.5517
TXN_L_0488,legitima,1,1,0,0,0.0,0,1.0,1.0,0.6667,0.0
TXN_L_0104,legitima,1,1,0,0,0.2,0,0.6667,1.0,0.6667,0.0
TXN_L_0627,legitima,0,0,0,0,0.0,1,0.6667,1.0,0.6667,0.0
TXN_L_0252,legitima,0,0,0,1,0.1,1,1.0,1.0,0.6667,0.0
TXN_L_0364,legitima,1,1,0,0,0.0385,0,0.3333,1.0,0.3333,0.0
TXN_L_0851,legitima,0,0,0,1,0.0278,1,0.3333,1.0,0.3333,0.0
TXN_L_0605,legitima,0,0,0,1,0.0,1,0.3333,1.0,0.3333,0.0
TXN_L_0554,legitima,0,1,0,0,0.0556,1,0.3333,1.0,0.3333,0.0
TXN_L_0468,legitima,1,1,0,1,0.0385,0,1.0,1.0,0.3333,0.0
TXN_L_0121,legitima,0,0,0,0,0.1,1,0.3333,1.0,0.3333,0.0
TXN_L_0175,legitima,1,0,0,0,0.0,0,1.0,1.0,0.6667,0.0
TXN_L_0427,legitima,0,0,0,0,0.0233,1,0.6667,1.0,0.6667,0.0
TXN_L_0868,legitima,0,1,0,0,0.0556,1,1.0,1.0,0.3333,0.0
